record_id,column,action,before,after,source_csv,reason
github-copilot-custom-instructions--gh-copilot-customizing-copilot,created,apply-value,"{""value"": ""no data"", ""status"": ""real-data"", ""citation"": ""https://docs.github.com/en/copilot/how-tos/configure-custom-instructions/add-repository-instructions""}",2024 (public preview launched October 2024 in VS Code; .github/copilot-instructions.md format),fillable,
github-copilot-custom-instructions--gh-copilot-customizing-copilot,latest-release,apply-value,"{""value"": ""no data — repo … no data —"", ""status"": ""real-data"", ""citation"": ""https://docs.github.com/en/copilot/how-tos/configure-custom-instructions/add-repository-instructions""}",n/a — vendor feature of GitHub Copilot (not a versioned repo); rolling updates via Copilot changelog,fillable,
github-copilot-custom-instructions--gh-copilot-customizing-copilot,license,apply-value,"{""value"": ""no data — repo unreachable"", ""status"": ""real-data"", ""citation"": ""https://docs.github.com/en/copilot/how-tos/configure-custom-instructions/add-repository-instructions""}",n/a — feature of GitHub Copilot (proprietary); instructions files are user-owned under repo license,fillable,
nomi-ai--nomi-ai,created,apply-value,"{""value"": ""no data"", ""status"": ""real-data"", ""citation"": ""https://nomi.ai/""}",2023 (beta.nomi.ai live by May 2023 per Wayback Machine; built by Glimpse-AI),fillable,
acuvity-now-proofpoint--acuvity-ai,a2a-support,apply-value,"{""value"": ""searched not found — not advertised on vendor site"", ""status"": ""real-data"", ""citation"": ""https://acuvity.ai/ai-runtime-security/""}","no data — searched proofpoint.com/us/platform/ai-security, acuvity.ai/, acuvity.ai/integrations/, acuvity.ai/blog/; A2A protocol not advertised",fillable,
acuvity-now-proofpoint--acuvity-ai,import-export,apply-value,"{""value"": ""searched not found — not advertised on vendor site"", ""status"": ""real-data"", ""citation"": ""https://acuvity.ai/ai-runtime-security/""}","Exportable structured audit logs (event lineage, decisions, redactions) for audits and investigations",fillable,
acuvity-now-proofpoint--acuvity-ai,mcp-support,apply-value,"{""value"": ""searched not found — not advertised on vendor site"", ""status"": ""real-data"", ""citation"": ""https://acuvity.ai/ai-runtime-security/""}",Yes — Secure MCP servers (Model Context Protocol) is a core capability; protects MCP-based agent integrations,fillable,
acuvity-now-proofpoint--acuvity-ai,otel,apply-value,"{""value"": ""searched not found — not advertised on vendor site"", ""status"": ""real-data"", ""citation"": ""https://acuvity.ai/ai-runtime-security/""}","no data — searched acuvity.ai, proofpoint.com/us/platform/ai-security, docs.acuvity.ai; OpenTelemetry export not advertised",fillable,
acuvity-now-proofpoint--acuvity-ai,webhooks,apply-value,"{""value"": ""searched not found — not advertised on vendor site"", ""status"": ""real-data"", ""citation"": ""https://acuvity.ai/ai-runtime-security/""}","no data — searched acuvity.ai, proofpoint.com/us/platform/ai-security, docs.acuvity.ai; webhook events not advertised",fillable,
enkrypt-ai--enkryptai-com,a2a-support,apply-value,"{""value"": ""searched not found — not advertised on vendor site"", ""status"": ""real-data"", ""citation"": ""https://www.enkryptai.com/platform/capabilities/ai-risk-removal""}","no data — searched enkryptai.com, enkryptai.com/platform/capabilities/ai-risk-removal, docs.enkryptai.com; A2A protocol not advertised",fillable,
enkrypt-ai--enkryptai-com,import-export,apply-value,"{""value"": ""searched not found — not advertised on vendor site"", ""status"": ""real-data"", ""citation"": ""https://www.enkryptai.com/platform/capabilities/ai-risk-removal""}",Postman Collection (import-ready API collection) for integrating with Enkrypt AI services,fillable,
enkrypt-ai--enkryptai-com,mcp-support,apply-value,"{""value"": ""searched not found — not advertised on vendor site"", ""status"": ""real-data"", ""citation"": ""https://www.enkryptai.com/platform/capabilities/ai-risk-removal""}",Yes — MCP Hub: vulnerability scanning for MCP (Model Context Protocol) servers; source-based + hosted scans; MCP Registry,fillable,
enkrypt-ai--enkryptai-com,otel,apply-value,"{""value"": ""searched not found — not advertised on vendor site"", ""status"": ""real-data"", ""citation"": ""https://www.enkryptai.com/platform/capabilities/ai-risk-removal""}","no data — searched enkryptai.com, docs.enkryptai.com; OpenTelemetry export not advertised",fillable,
enkrypt-ai--enkryptai-com,webhooks,apply-value,"{""value"": ""searched not found — not advertised on vendor site"", ""status"": ""real-data"", ""citation"": ""https://www.enkryptai.com/platform/capabilities/ai-risk-removal""}","no data — searched enkryptai.com, docs.enkryptai.com; webhook events not advertised",fillable,
hiddenlayer-aisec-platform-2-0--hiddenlayer-com,a2a-support,apply-value,"{""value"": ""searched not found — not advertised on vendor site"", ""status"": ""real-data"", ""citation"": ""https://www.hiddenlayer.com/platform""}","no data — searched hiddenlayer.com, hiddenlayer.com/platform, docs.hiddenlayer.com; A2A protocol not advertised",fillable,
hiddenlayer-aisec-platform-2-0--hiddenlayer-com,import-export,apply-value,"{""value"": ""searched not found — not advertised on vendor site"", ""status"": ""real-data"", ""citation"": ""https://www.hiddenlayer.com/platform""}","no data — searched hiddenlayer.com/platform, docs.hiddenlayer.com; data import/export APIs not advertised",fillable,
hiddenlayer-aisec-platform-2-0--hiddenlayer-com,mcp-support,apply-value,"{""value"": ""searched not found — not advertised on vendor site"", ""status"": ""real-data"", ""citation"": ""https://www.hiddenlayer.com/platform""}",Yes — Agentic and MCP Security use-case (Use case 04); protects agents and MCP-based systems from prompt injection / unsafe tool use,fillable,
hiddenlayer-aisec-platform-2-0--hiddenlayer-com,otel,apply-value,"{""value"": ""searched not found — not advertised on vendor site"", ""status"": ""real-data"", ""citation"": ""https://www.hiddenlayer.com/platform""}","no data — searched hiddenlayer.com/platform, docs.hiddenlayer.com; OpenTelemetry export not advertised",fillable,
hiddenlayer-aisec-platform-2-0--hiddenlayer-com,webhooks,apply-value,"{""value"": ""searched not found — not advertised on vendor site"", ""status"": ""real-data"", ""citation"": ""https://www.hiddenlayer.com/platform""}","no data — searched hiddenlayer.com/platform, docs.hiddenlayer.com; webhook events not advertised",fillable,
lakera-guard-lakera-red--lakera-ai,a2a-support,apply-value,"{""value"": ""searched not found — not advertised on vendor site"", ""status"": ""real-data"", ""citation"": ""https://www.lakera.ai/lakera-guard""}","no data — searched lakera.ai/lakera-guard, docs.lakera.ai, docs.lakera.ai/lakera-guard/integrations; A2A protocol not advertised",fillable,
lakera-guard-lakera-red--lakera-ai,mcp-support,apply-value,"{""value"": ""searched not found — not advertised on vendor site"", ""status"": ""real-data"", ""citation"": ""https://www.lakera.ai/lakera-guard""}","no data — MCP referenced in Lakera blog as a threat-research topic only; no native MCP integration advertised (searched lakera.ai, docs.lakera.ai, lakera.ai/blog)",fillable,
lakera-guard-lakera-red--lakera-ai,otel,apply-value,"{""value"": ""searched not found — not advertised on vendor site"", ""status"": ""real-data"", ""citation"": ""https://www.lakera.ai/lakera-guard""}","no data — searched lakera.ai/lakera-guard, docs.lakera.ai; OpenTelemetry export not advertised",fillable,
mem0-security-openmemory--mem0-ai,a2a-support,apply-value,"{""value"": ""searched not found — not advertised on vendor site"", ""status"": ""real-data"", ""citation"": ""https://mem0.ai/security""}","no data — searched mem0.ai/security, docs.mem0.ai, docs.mem0.ai/platform/overview; A2A protocol not advertised",fillable,
mem0-security-openmemory--mem0-ai,otel,apply-value,"{""value"": ""searched not found — not advertised on vendor site"", ""status"": ""real-data"", ""citation"": ""https://mem0.ai/security""}","no data — searched mem0.ai/security, docs.mem0.ai, docs.mem0.ai/platform/overview; OpenTelemetry export not advertised on enterprise tier",fillable,
microsoft-agent-governance-toolkit--gh-microsoft-agent-governance-toolkit,a2a-support,apply-value,"{""value"": ""searched not found — not advertised on vendor site"", ""status"": ""real-data"", ""citation"": ""https://github.com/microsoft/agent-governance-toolkit""}",Yes — Agent Mesh provides A2A/MCP/IATP protocol bridges (per agentmesh-platform docs); zero-trust identity + trust scoring,fillable,
microsoft-agent-governance-toolkit--gh-microsoft-agent-governance-toolkit,import-export,apply-value,"{""value"": ""searched not found — not advertised on vendor site"", ""status"": ""real-data"", ""citation"": ""https://github.com/microsoft/agent-governance-toolkit""}",Yes — JSON export/import via AuditLogger (hash-chained audit events); identity.go supports JSON DID/JWK export/import,fillable,
microsoft-agent-governance-toolkit--gh-microsoft-agent-governance-toolkit,mcp-support,apply-value,"{""value"": ""searched not found — not advertised on vendor site"", ""status"": ""real-data"", ""citation"": ""https://github.com/microsoft/agent-governance-toolkit""}","Yes — MCP Security Scanner (tool poisoning, typosquatting, hidden instructions); A2A/MCP Protocol Bridge in Agent Mesh",fillable,
microsoft-agent-governance-toolkit--gh-microsoft-agent-governance-toolkit,otel,apply-value,"{""value"": ""searched not found — not advertised on vendor site"", ""status"": ""real-data"", ""citation"": ""https://github.com/microsoft/agent-governance-toolkit""}",Yes — Telemetry package provides OpenTelemetry integration (per PACKAGE-FEATURE-MATRIX.md),fillable,
microsoft-agent-governance-toolkit--gh-microsoft-agent-governance-toolkit,webhooks,apply-value,"{""value"": ""searched not found — not advertised on vendor site"", ""status"": ""real-data"", ""citation"": ""https://github.com/microsoft/agent-governance-toolkit""}","no data — searched README, ARCHITECTURE.md, PACKAGE-FEATURE-MATRIX.md; webhook events not in feature matrix",fillable,
zep-governance-posture--getzep-com,a2a-support,apply-value,"{""value"": ""searched not found — not advertised on vendor site"", ""status"": ""real-data"", ""citation"": ""https://www.getzep.com/product/agent-memory/""}","no data — searched getzep.com/product/agent-memory, help.getzep.com, docs.getzep.com; A2A protocol not advertised",fillable,
zep-governance-posture--getzep-com,otel,apply-value,"{""value"": ""searched not found — not advertised on vendor site"", ""status"": ""real-data"", ""citation"": ""https://www.getzep.com/product/agent-memory/""}","no data — searched getzep.com/product/agent-memory, help.getzep.com, docs.getzep.com; OpenTelemetry export not advertised",fillable,
zep-governance-posture--getzep-com,webhooks,apply-value,"{""value"": ""searched not found — not advertised on vendor site"", ""status"": ""real-data"", ""citation"": ""https://www.getzep.com/product/agent-memory/""}",Yes — Webhooks documented under help.getzep.com (Compliance / Webhooks / Rate Limits section),fillable,
agentops--agentops-ai,a2a-support,apply-value,"{""value"": ""searched not found — A2A protocol not advertised"", ""status"": ""real-data"", ""citation"": ""https://www.agentops.ai/""}","no data — searched agentops.ai, docs.agentops.ai, docs.agentops.ai/v2/integrations, README on AgentOps-AI/agentops; A2A protocol not advertised (CrewAI/AG2/LangGraph/Autogen integrations only)",fillable,
galileo-galileo-ai--galileo-ai,a2a-support,apply-value,"{""value"": ""searched not found — A2A protocol not advertised"", ""status"": ""real-data"", ""citation"": ""https://galileo.ai/""}","Yes — A2A is listed under Integrations Overview (alongside CrewAI, Google ADK, LangChain, etc.)",fillable,
galileo-galileo-ai--galileo-ai,mcp-support,apply-value,"{""value"": ""searched not found — MCP integration not advertised"", ""status"": ""real-data"", ""citation"": ""https://galileo.ai/""}","Yes — Galileo MCP Server documented; integrates with traces, prompts, datasets",fillable,
langfuse--langfuse-com,a2a-support,apply-value,"{""value"": ""searched not found — A2A protocol not advertised"", ""status"": ""real-data"", ""citation"": ""https://langfuse.com/""}","no data — searched langfuse.com, langfuse.com/docs, langfuse.com/integrations; A2A protocol not advertised (extensive framework integrations, MCP server present, OTel-native)",fillable,
langsmith--langchain-com,a2a-support,apply-value,"{""value"": ""searched not found — A2A protocol not advertised"", ""status"": ""real-data"", ""citation"": ""https://www.langchain.com/langsmith""}","no data — searched langchain.com/langsmith, docs.smith.langchain.com, docs.smith.langchain.com/observability/concepts; A2A protocol not advertised (OTel-based traces, webhook automations)",fillable,
ratine--gh-goweft-ratine,a2a-support,apply-value,"{""value"": ""searched not found — A2A protocol not advertised"", ""status"": ""real-data"", ""citation"": ""https://github.com/goweft/ratine""}","no data — searched github.com/goweft/ratine README; single-purpose memory-poisoning detector for MCP tool servers, no A2A protocol",fillable,
ratine--gh-goweft-ratine,hq,apply-value,"{""value"": ""unknown — not disclosed in repo or vendor site"", ""status"": ""real-data"", ""citation"": ""https://github.com/goweft/ratine""}","Los Angeles, CA, US (developer Steve Gonzalez; per GitHub profile github.com/goweft)",fillable,
ratine--gh-goweft-ratine,mcp-support,apply-value,"{""value"": ""searched not found — MCP integration not advertised"", ""status"": ""real-data"", ""citation"": ""https://github.com/goweft/ratine""}",Yes — built for MCP tool-server ecosystem (sibling tools heddle/loom are MCP runtimes); detects agent memory poisoning across MCP sessions,fillable,
capacities--capacities-io,mindshare,apply-value,"{""value"": ""n/a (SaaS app) ~8 (very small jobs"", ""status"": ""real-data"", ""citation"": ""https://capacities.io/""}",3 HN stories (HN Algolia search); small dev-tools / PKM job listings; ~8 small team SaaS,fillable,
heptabase--heptabase-com,mindshare,apply-value,"{""value"": ""n/a (SaaS app) ~10 (small team jobs"", ""status"": ""real-data"", ""citation"": ""https://heptabase.com/""}","6 HN stories; Hepta Platforms, Inc.; small team (~10) per public job listings",fillable,
logseq--logseq-com,mindshare,apply-value,"{""value"": ""n/a (desktop app) ~10 (small team jobs"", ""status"": ""real-data"", ""citation"": ""https://docs.logseq.com/""}",108 HN stories; 42.8k GitHub stars on logseq/logseq; small core team,fillable,
tana--tana-inc,mindshare,apply-value,"{""value"": ""n/a (SaaS app) 3 press ~15 (small star jobs"", ""status"": ""real-data"", ""citation"": ""https://tana.inc/""}",4 HN stories; Tana Inc.; ~15 employees per public job listings,fillable,
tencent-ima-copilot--ima-qq-com,mindshare,apply-value,"{""value"": ""n/a (Tencent product; China-on 2 press n/a (Tencent su jobs"", ""status"": ""real-data"", ""citation"": ""https://ima.qq.com/""}","0 HN stories (Chinese product, Western mindshare minimal); part of Tencent (~110k employees, AI subgroup unknown)",fillable,
alita--arxiv-2505-20286,founders,apply-value,"{""value"": ""no data — 2025 arxiv preprint"", ""status"": ""real-data"", ""citation"": ""https://arxiv.org/abs/2505.20286""}",Princeton University (Mengdi Wang group); 18 authors led by Jiahao Qiu — affiliations not in arXiv preprint or repo README; senior author Mengdi Wang is Princeton ECE; project repo CharlesQ9/Alita,fillable,
alphaedit--arxiv-2410-02355,founders,apply-value,"{""value"": ""no data — arxiv preprint; parametric editing"", ""status"": ""real-data"", ""citation"": ""https://arxiv.org/abs/2410.02355""}",University of Science and Technology of China (USTC) / National University of Singapore (Xiang Wang group); ICLR 2025 Outstanding Paper; first author Junfeng Fang is USTC PhD,fillable,
deepagent--arxiv-2510-21618,founders,apply-value,"{""value"": ""no data — 2025 arxiv preprint"", ""status"": ""real-data"", ""citation"": ""https://arxiv.org/abs/2510.21618""}",Renmin University of China (RUC-NLPIR lab); WWW 2026 Oral; project repo RUC-NLPIR/DeepAgent,fillable,
dynamic-cheatsheet--arxiv-2504-07952,founders,apply-value,"{""value"": ""no data — 2025 arxiv preprint"", ""status"": ""real-data"", ""citation"": ""https://arxiv.org/abs/2504.07952""}","Stanford University (Jurafsky & Zou groups); authors Mirac Suzgun, Mert Yuksekgonul, Federico Bianchi, Dan Jurafsky, James Zou; repo suzgunmirac/dynamic-cheatsheet",fillable,
learnact--arxiv-2504-13805,founders,apply-value,"{""value"": ""no data — 2025 arxiv preprint"", ""status"": ""real-data"", ""citation"": ""https://arxiv.org/abs/2504.13805""}",Zhejiang University + vivo AI Lab + CUHK MMLab + Shanghai Jiao Tong University (per project page lgy0404.github.io/LearnAct); first author Guangyi Liu (ZJU); ACL 2026 Findings,fillable,
lm2--arxiv-2502-06049,founders,apply-value,"{""value"": ""no data — arxiv preprint"", ""status"": ""real-data"", ""citation"": ""https://arxiv.org/abs/2502.06049""}","Convergence Labs (UK; authors Jikun Kang, Wenqi Wu, Filippos Christianos, Alex J. Chan et al. — affiliation per author Convergence Labs research output; preprint does not list affiliations explicitly)",fillable,
mirix--arxiv-2507-07957,founders,apply-value,"{""value"": ""no data — 2025 arxiv preprint"", ""status"": ""real-data"", ""citation"": ""https://arxiv.org/abs/2507.07957""}","University of California, San Diego (per Semantic Scholar affiliation for first author Yu Wang)",fillable,
oasis--arxiv-2411-11581,founders,apply-value,"{""value"": ""no data — 2024 arxiv preprint"", ""status"": ""real-data"", ""citation"": ""https://arxiv.org/abs/2411.11581""}",CAMEL-AI organization (community-led open-source research org); project repo camel-ai/oasis; 23 authors from multiple institutions (collective camel-ai contributors),fillable,
reasoningbank--arxiv-2509-25140,founders,apply-value,"{""value"": ""no data — 2025 arxiv preprint"", ""status"": ""real-data"", ""citation"": ""https://arxiv.org/abs/2509.25140""}",Google DeepMind / Google Research (per Semantic Scholar; author Jun Yan ['Google DeepMind']; repo google-research/reasoning-bank); ICLR 2026,fillable,
repairagent--arxiv-2403-17134,founders,apply-value,"{""value"": ""no data — 2024 arxiv preprint"", ""status"": ""real-data"", ""citation"": ""https://arxiv.org/abs/2403.17134""}","University of Stuttgart (Software Lab / SOLA group, Michael Pradel); coauthor Premkumar Devanbu (UC Davis); repo sola-st/RepairAgent",fillable,
skillweaver--arxiv-2504-07079,founders,apply-value,"{""value"": ""no data — 2025 arxiv preprint"", ""status"": ""real-data"", ""citation"": ""https://arxiv.org/abs/2504.07079""}",The Ohio State University (Yu Su group; per Semantic Scholar — first author Boyuan Zheng OSU; senior author Yu Su OSU + Microsoft),fillable,
wise,cons,apply-citation,"{""value"": ""Editing-quality vs general-task-performance tradeoff not fully characterized."", ""status"": ""real-data"", ""citation"": null}",Editing-quality vs general-task-performance tradeoff not fully characterized.,taxonomy-citations,value unchanged; backfill citation
wise,desc,apply-citation,"{""value"": ""Rethinks knowledge memory for lifelong model editing. NeurIPS 2024."", ""status"": ""real-data"", ""citation"": null}",Rethinks knowledge memory for lifelong model editing. NeurIPS 2024.,taxonomy-citations,value unchanged; backfill citation
wise,links,apply-citation,"{""value"": ""NeurIPS 2024"", ""status"": ""real-data"", ""citation"": null}",NeurIPS 2024,taxonomy-citations,value unchanged; backfill citation
wise,pros,apply-citation,"{""value"": ""Rethinks knowledge memory specifically for lifelong model editing; NeurIPS 2024."", ""status"": ""real-data"", ""citation"": null}",Rethinks knowledge memory specifically for lifelong model editing; NeurIPS 2024.,taxonomy-citations,value unchanged; backfill citation
wise,type,apply-citation,"{""value"": ""Knowledge memory for lifelong editing"", ""status"": ""real-data"", ""citation"": null}",Knowledge memory for lifelong editing,taxonomy-citations,value unchanged; backfill citation
asapp-generativeagent--asapp-com,contradiction,apply-citation,"{""value"": ""LLM resolves and overwrites"", ""status"": ""real-data"", ""citation"": null}",LLM resolves and overwrites,taxonomy-citations,value unchanged; backfill citation
asapp-generativeagent--asapp-com,namespace,apply-citation,"{""value"": ""per-tenant"", ""status"": ""real-data"", ""citation"": null}",per-tenant,taxonomy-citations,value unchanged; backfill citation
asapp-generativeagent--asapp-com,schema-evolution,apply-citation,"{""value"": ""schema with migration"", ""status"": ""real-data"", ""citation"": null}",schema with migration,taxonomy-citations,value unchanged; backfill citation
character-ai--character-ai,forgetting,apply-citation,"{""value"": ""user-controlled forget"", ""status"": ""real-data"", ""citation"": null}",user-controlled forget,taxonomy-citations,value unchanged; backfill citation
character-ai--character-ai,namespace,apply-citation,"{""value"": ""per-tenant"", ""status"": ""real-data"", ""citation"": null}",per-tenant,taxonomy-citations,value unchanged; backfill citation
character-ai--character-ai,tombstoning,apply-citation,"{""value"": ""hard-delete supported"", ""status"": ""real-data"", ""citation"": null}",hard-delete supported,taxonomy-citations,value unchanged; backfill citation
character-ai--character-ai,webhooks,apply-citation,"{""value"": ""no"", ""status"": ""real-data"", ""citation"": null}",no,taxonomy-citations,value unchanged; backfill citation
charisma-ai--charisma-ai,forgetting,apply-citation,"{""value"": ""user-controlled forget"", ""status"": ""real-data"", ""citation"": null}",user-controlled forget,taxonomy-citations,value unchanged; backfill citation
charisma-ai--charisma-ai,namespace,apply-citation,"{""value"": ""per-tenant"", ""status"": ""real-data"", ""citation"": null}",per-tenant,taxonomy-citations,value unchanged; backfill citation
charisma-ai--charisma-ai,schema-evolution,apply-citation,"{""value"": ""schema with migration"", ""status"": ""real-data"", ""citation"": null}",schema with migration,taxonomy-citations,value unchanged; backfill citation
charisma-ai--charisma-ai,tombstoning,apply-citation,"{""value"": ""hard-delete supported"", ""status"": ""real-data"", ""citation"": null}",hard-delete supported,taxonomy-citations,value unchanged; backfill citation
chatgpt-study-mode--openai-com,forgetting,apply-citation,"{""value"": ""user-controlled forget"", ""status"": ""real-data"", ""citation"": null}",user-controlled forget,taxonomy-citations,value unchanged; backfill citation
chatgpt-study-mode--openai-com,schema-evolution,apply-citation,"{""value"": ""schema with migration"", ""status"": ""real-data"", ""citation"": null}",schema with migration,taxonomy-citations,value unchanged; backfill citation
chatgpt-study-mode--openai-com,tombstoning,apply-citation,"{""value"": ""hard-delete supported"", ""status"": ""real-data"", ""citation"": null}",hard-delete supported,taxonomy-citations,value unchanged; backfill citation
clio-duo-manage-ai--clio-com,schema-evolution,apply-citation,"{""value"": ""schema with migration"", ""status"": ""real-data"", ""citation"": null}",schema with migration,taxonomy-citations,value unchanged; backfill citation
cocounsel-legal-thomson-reuters--legaltechnology-com,schema-evolution,apply-citation,"{""value"": ""schema with migration"", ""status"": ""real-data"", ""citation"": null}",schema with migration,taxonomy-citations,value unchanged; backfill citation
cognigy--cognigy-com,contradiction,apply-citation,"{""value"": ""always overwrite (last-write-wins)"", ""status"": ""real-data"", ""citation"": null}",always overwrite (last-write-wins),taxonomy-citations,value unchanged; backfill citation
cognigy--cognigy-com,forgetting,apply-citation,"{""value"": ""none (permanent)"", ""status"": ""real-data"", ""citation"": null}",none (permanent),taxonomy-citations,value unchanged; backfill citation
cognigy--cognigy-com,namespace,apply-citation,"{""value"": ""per-tenant"", ""status"": ""real-data"", ""citation"": null}",per-tenant,taxonomy-citations,value unchanged; backfill citation
cognigy--cognigy-com,versioning,apply-citation,"{""value"": ""immutable append-log"", ""status"": ""real-data"", ""citation"": null}",immutable append-log,taxonomy-citations,value unchanged; backfill citation
convai-mimir--convai-com,contradiction,apply-citation,"{""value"": ""LLM resolves and overwrites"", ""status"": ""real-data"", ""citation"": null}",LLM resolves and overwrites,taxonomy-citations,value unchanged; backfill citation
convai-mimir--convai-com,forgetting,apply-citation,"{""value"": ""consolidation/summarization"", ""status"": ""real-data"", ""citation"": null}",consolidation/summarization,taxonomy-citations,value unchanged; backfill citation
convai-mimir--convai-com,namespace,apply-citation,"{""value"": ""per-tenant"", ""status"": ""real-data"", ""citation"": null}",per-tenant,taxonomy-citations,value unchanged; backfill citation
convai-mimir--convai-com,versioning,apply-citation,"{""value"": ""snapshots"", ""status"": ""real-data"", ""citation"": null}",snapshots,taxonomy-citations,value unchanged; backfill citation
cresta--cresta-com,contradiction,apply-citation,"{""value"": ""LLM resolves and overwrites"", ""status"": ""real-data"", ""citation"": null}",LLM resolves and overwrites,taxonomy-citations,value unchanged; backfill citation
cresta--cresta-com,namespace,apply-citation,"{""value"": ""per-tenant"", ""status"": ""real-data"", ""citation"": null}",per-tenant,taxonomy-citations,value unchanged; backfill citation
decagon--decagon-ai,contradiction,apply-citation,"{""value"": ""LLM resolves and overwrites"", ""status"": ""real-data"", ""citation"": null}",LLM resolves and overwrites,taxonomy-citations,value unchanged; backfill citation
decagon--decagon-ai,namespace,apply-citation,"{""value"": ""per-tenant"", ""status"": ""real-data"", ""citation"": null}",per-tenant,taxonomy-citations,value unchanged; backfill citation
decagon--decagon-ai,schema-evolution,apply-citation,"{""value"": ""schema with migration"", ""status"": ""real-data"", ""citation"": null}",schema with migration,taxonomy-citations,value unchanged; backfill citation
duolingo-max--blog-duolingo-com,namespace,apply-citation,"{""value"": ""per-user"", ""status"": ""real-data"", ""citation"": null}",per-user,taxonomy-citations,value unchanged; backfill citation
duolingo-max--blog-duolingo-com,schema-evolution,apply-citation,"{""value"": ""schema with migration"", ""status"": ""real-data"", ""citation"": null}",schema with migration,taxonomy-citations,value unchanged; backfill citation
elicit--elicit-com,schema-evolution,apply-citation,"{""value"": ""schema with migration"", ""status"": ""real-data"", ""citation"": null}",schema with migration,taxonomy-citations,value unchanged; backfill citation
elicit--elicit-com,tombstoning,apply-citation,"{""value"": ""soft-delete only"", ""status"": ""real-data"", ""citation"": null}",soft-delete only,taxonomy-citations,value unchanged; backfill citation
elsa-speak--elsaspeak-com,namespace,apply-citation,"{""value"": ""per-user"", ""status"": ""real-data"", ""citation"": null}",per-user,taxonomy-citations,value unchanged; backfill citation
elsa-speak--elsaspeak-com,schema-evolution,apply-citation,"{""value"": ""schema with migration"", ""status"": ""real-data"", ""citation"": null}",schema with migration,taxonomy-citations,value unchanged; backfill citation
eve-shared-firm-knowledge-auditor--eve-legal,schema-evolution,apply-citation,"{""value"": ""schema with migration"", ""status"": ""real-data"", ""citation"": null}",schema with migration,taxonomy-citations,value unchanged; backfill citation
filevine-lois--filevine-com,schema-evolution,apply-citation,"{""value"": ""schema with migration"", ""status"": ""real-data"", ""citation"": null}",schema with migration,taxonomy-citations,value unchanged; backfill citation
futurehouse--futurehouse-org,namespace,apply-citation,"{""value"": ""per-tenant"", ""status"": ""real-data"", ""citation"": null}",per-tenant,taxonomy-citations,value unchanged; backfill citation
futurehouse--futurehouse-org,schema-evolution,apply-citation,"{""value"": ""schema with migration"", ""status"": ""real-data"", ""citation"": null}",schema with migration,taxonomy-citations,value unchanged; backfill citation
harvey-memory--harvey-ai,schema-evolution,apply-citation,"{""value"": ""schema with migration"", ""status"": ""real-data"", ""citation"": null}",schema with migration,taxonomy-citations,value unchanged; backfill citation
hebbia-matrix--hebbia-com,contradiction,apply-citation,"{""value"": ""LLM resolves and overwrites"", ""status"": ""real-data"", ""citation"": null}",LLM resolves and overwrites,taxonomy-citations,value unchanged; backfill citation
hebbia-matrix--hebbia-com,namespace,apply-citation,"{""value"": ""per-tenant"", ""status"": ""real-data"", ""citation"": null}",per-tenant,taxonomy-citations,value unchanged; backfill citation
hebbia-matrix--hebbia-com,schema-evolution,apply-citation,"{""value"": ""schema with migration"", ""status"": ""real-data"", ""citation"": null}",schema with migration,taxonomy-citations,value unchanged; backfill citation
hebbia-matrix--hebbia-com,tombstoning,apply-citation,"{""value"": ""soft-delete only"", ""status"": ""real-data"", ""citation"": null}",soft-delete only,taxonomy-citations,value unchanged; backfill citation
intercom-fin--fin-ai,namespace,apply-citation,"{""value"": ""per-tenant"", ""status"": ""real-data"", ""citation"": null}",per-tenant,taxonomy-citations,value unchanged; backfill citation
intercom-fin--fin-ai,schema-evolution,apply-citation,"{""value"": ""schema with migration"", ""status"": ""real-data"", ""citation"": null}",schema with migration,taxonomy-citations,value unchanged; backfill citation
inworld-ai--inworld-ai,forgetting,apply-citation,"{""value"": ""consolidation/summarization"", ""status"": ""real-data"", ""citation"": null}",consolidation/summarization,taxonomy-citations,value unchanged; backfill citation
inworld-ai--inworld-ai,namespace,apply-citation,"{""value"": ""per-tenant"", ""status"": ""real-data"", ""citation"": null}",per-tenant,taxonomy-citations,value unchanged; backfill citation
inworld-ai--inworld-ai,schema-evolution,apply-citation,"{""value"": ""schema with migration"", ""status"": ""real-data"", ""citation"": null}",schema with migration,taxonomy-citations,value unchanged; backfill citation
inworld-ai--inworld-ai,versioning,apply-citation,"{""value"": ""snapshots"", ""status"": ""real-data"", ""citation"": null}",snapshots,taxonomy-citations,value unchanged; backfill citation
iris-ai--iris-ai,namespace,apply-citation,"{""value"": ""per-tenant"", ""status"": ""real-data"", ""citation"": null}",per-tenant,taxonomy-citations,value unchanged; backfill citation
iris-ai--iris-ai,schema-evolution,apply-citation,"{""value"": ""schema with migration"", ""status"": ""real-data"", ""citation"": null}",schema with migration,taxonomy-citations,value unchanged; backfill citation
khanmigo--khanmigo-ai,forgetting,apply-citation,"{""value"": ""none (permanent)"", ""status"": ""real-data"", ""citation"": null}",none (permanent),taxonomy-citations,value unchanged; backfill citation
khanmigo--khanmigo-ai,schema-evolution,apply-citation,"{""value"": ""schema with migration"", ""status"": ""real-data"", ""citation"": null}",schema with migration,taxonomy-citations,value unchanged; backfill citation
khanmigo--khanmigo-ai,tombstoning,apply-citation,"{""value"": ""append-only no delete"", ""status"": ""real-data"", ""citation"": null}",append-only no delete,taxonomy-citations,value unchanged; backfill citation
khanmigo--khanmigo-ai,versioning,apply-citation,"{""value"": ""immutable append-log"", ""status"": ""real-data"", ""citation"": null}",immutable append-log,taxonomy-citations,value unchanged; backfill citation
latitude-voyage--latitude-io,contradiction,apply-citation,"{""value"": ""LLM resolves and overwrites"", ""status"": ""real-data"", ""citation"": null}",LLM resolves and overwrites,taxonomy-citations,value unchanged; backfill citation
latitude-voyage--latitude-io,namespace,apply-citation,"{""value"": ""per-tenant"", ""status"": ""real-data"", ""citation"": null}",per-tenant,taxonomy-citations,value unchanged; backfill citation
latitude-voyage--latitude-io,schema-evolution,apply-citation,"{""value"": ""schema with migration"", ""status"": ""real-data"", ""citation"": null}",schema with migration,taxonomy-citations,value unchanged; backfill citation
liveperson-conversation-context-service--developers-liveperson-com,schema-evolution,apply-citation,"{""value"": ""free-form / no schema"", ""status"": ""real-data"", ""citation"": null}",free-form / no schema,taxonomy-citations,value unchanged; backfill citation
luminance-institutional-memory--luminance-com,schema-evolution,apply-citation,"{""value"": ""schema with migration"", ""status"": ""real-data"", ""citation"": null}",schema with migration,taxonomy-citations,value unchanged; backfill citation
magicschool--magicschool-ai,versioning,apply-citation,"{""value"": ""none"", ""status"": ""real-data"", ""citation"": null}",none,taxonomy-citations,value unchanged; backfill citation
nomi-ai--nomi-ai,namespace,apply-citation,"{""value"": ""per-user"", ""status"": ""real-data"", ""citation"": null}",per-user,taxonomy-citations,value unchanged; backfill citation
nomi-ai--nomi-ai,schema-evolution,apply-citation,"{""value"": ""schema with migration"", ""status"": ""real-data"", ""citation"": null}",schema with migration,taxonomy-citations,value unchanged; backfill citation
polyai--poly-ai,forgetting,apply-citation,"{""value"": ""TTL-based"", ""status"": ""real-data"", ""citation"": null}",TTL-based,taxonomy-citations,value unchanged; backfill citation
polyai--poly-ai,schema-evolution,apply-citation,"{""value"": ""free-form / no schema"", ""status"": ""real-data"", ""citation"": null}",free-form / no schema,taxonomy-citations,value unchanged; backfill citation
quizlet-ai-study-tools-magic-notes--quizlet-com,namespace,apply-citation,"{""value"": ""per-user"", ""status"": ""real-data"", ""citation"": null}",per-user,taxonomy-citations,value unchanged; backfill citation
quizlet-ai-study-tools-magic-notes--quizlet-com,schema-evolution,apply-citation,"{""value"": ""schema with migration"", ""status"": ""real-data"", ""citation"": null}",schema with migration,taxonomy-citations,value unchanged; backfill citation
replicant--replicant-com,forgetting,apply-citation,"{""value"": ""TTL-based"", ""status"": ""real-data"", ""citation"": null}",TTL-based,taxonomy-citations,value unchanged; backfill citation
replicant--replicant-com,schema-evolution,apply-citation,"{""value"": ""free-form / no schema"", ""status"": ""real-data"", ""citation"": null}",free-form / no schema,taxonomy-citations,value unchanged; backfill citation
replika--replika-ai,namespace,apply-citation,"{""value"": ""per-user"", ""status"": ""real-data"", ""citation"": null}",per-user,taxonomy-citations,value unchanged; backfill citation
researchrabbit--researchrabbit-ai,forgetting,apply-citation,"{""value"": ""user-controlled forget"", ""status"": ""real-data"", ""citation"": null}",user-controlled forget,taxonomy-citations,value unchanged; backfill citation
researchrabbit--researchrabbit-ai,namespace,apply-citation,"{""value"": ""per-tenant"", ""status"": ""real-data"", ""citation"": null}",per-tenant,taxonomy-citations,value unchanged; backfill citation
researchrabbit--researchrabbit-ai,schema-evolution,apply-citation,"{""value"": ""schema with migration"", ""status"": ""real-data"", ""citation"": null}",schema with migration,taxonomy-citations,value unchanged; backfill citation
researchrabbit--researchrabbit-ai,tombstoning,apply-citation,"{""value"": ""append-only no delete"", ""status"": ""real-data"", ""citation"": null}",append-only no delete,taxonomy-citations,value unchanged; backfill citation
researchrabbit--researchrabbit-ai,versioning,apply-citation,"{""value"": ""immutable append-log"", ""status"": ""real-data"", ""citation"": null}",immutable append-log,taxonomy-citations,value unchanged; backfill citation
salesforce-agentforce-einstein--salesforce-com,namespace,apply-citation,"{""value"": ""per-user"", ""status"": ""real-data"", ""citation"": null}",per-user,taxonomy-citations,value unchanged; backfill citation
salesforce-agentforce-einstein--salesforce-com,schema-evolution,apply-citation,"{""value"": ""schema with migration"", ""status"": ""real-data"", ""citation"": null}",schema with migration,taxonomy-citations,value unchanged; backfill citation
salesforce-agentforce-einstein--salesforce-com,tombstoning,apply-citation,"{""value"": ""soft-delete only"", ""status"": ""real-data"", ""citation"": null}",soft-delete only,taxonomy-citations,value unchanged; backfill citation
sanctuary-ai-carbon-phoenix-gen-7-8--sanctuary-ai,contradiction,apply-citation,"{""value"": ""LLM resolves and overwrites"", ""status"": ""real-data"", ""citation"": null}",LLM resolves and overwrites,taxonomy-citations,value unchanged; backfill citation
schoolai--schoolai-com,forgetting,apply-citation,"{""value"": ""none (permanent)"", ""status"": ""real-data"", ""citation"": null}",none (permanent),taxonomy-citations,value unchanged; backfill citation
schoolai--schoolai-com,schema-evolution,apply-citation,"{""value"": ""schema with migration"", ""status"": ""real-data"", ""citation"": null}",schema with migration,taxonomy-citations,value unchanged; backfill citation
schoolai--schoolai-com,tombstoning,apply-citation,"{""value"": ""append-only no delete"", ""status"": ""real-data"", ""citation"": null}",append-only no delete,taxonomy-citations,value unchanged; backfill citation
schoolai--schoolai-com,versioning,apply-citation,"{""value"": ""immutable append-log"", ""status"": ""real-data"", ""citation"": null}",immutable append-log,taxonomy-citations,value unchanged; backfill citation
scite-ai--scite-ai,namespace,apply-citation,"{""value"": ""per-tenant"", ""status"": ""real-data"", ""citation"": null}",per-tenant,taxonomy-citations,value unchanged; backfill citation
scite-ai--scite-ai,schema-evolution,apply-citation,"{""value"": ""schema with migration"", ""status"": ""real-data"", ""citation"": null}",schema with migration,taxonomy-citations,value unchanged; backfill citation
sierra--sierra-ai,contradiction,apply-citation,"{""value"": ""LLM resolves and overwrites"", ""status"": ""real-data"", ""citation"": null}",LLM resolves and overwrites,taxonomy-citations,value unchanged; backfill citation
sierra--sierra-ai,namespace,apply-citation,"{""value"": ""per-user"", ""status"": ""real-data"", ""citation"": null}",per-user,taxonomy-citations,value unchanged; backfill citation
sierra--sierra-ai,schema-evolution,apply-citation,"{""value"": ""schema with migration"", ""status"": ""real-data"", ""citation"": null}",schema with migration,taxonomy-citations,value unchanged; backfill citation
soul-machines--soulmachines-com,contradiction,apply-citation,"{""value"": ""LLM resolves and overwrites"", ""status"": ""real-data"", ""citation"": null}",LLM resolves and overwrites,taxonomy-citations,value unchanged; backfill citation
soul-machines--soulmachines-com,namespace,apply-citation,"{""value"": ""per-tenant"", ""status"": ""real-data"", ""citation"": null}",per-tenant,taxonomy-citations,value unchanged; backfill citation
speak--speak-com,namespace,apply-citation,"{""value"": ""per-user"", ""status"": ""real-data"", ""citation"": null}",per-user,taxonomy-citations,value unchanged; backfill citation
speak--speak-com,schema-evolution,apply-citation,"{""value"": ""schema with migration"", ""status"": ""real-data"", ""citation"": null}",schema with migration,taxonomy-citations,value unchanged; backfill citation
spellbook-library--lawnext-com,schema-evolution,apply-citation,"{""value"": ""schema with migration"", ""status"": ""real-data"", ""citation"": null}",schema with migration,taxonomy-citations,value unchanged; backfill citation
spirit-ai-character-engine--spiritai-com,forgetting,apply-citation,"{""value"": ""user-controlled forget"", ""status"": ""real-data"", ""citation"": null}",user-controlled forget,taxonomy-citations,value unchanged; backfill citation
spirit-ai-character-engine--spiritai-com,namespace,apply-citation,"{""value"": ""per-tenant"", ""status"": ""real-data"", ""citation"": null}",per-tenant,taxonomy-citations,value unchanged; backfill citation
spirit-ai-character-engine--spiritai-com,schema-evolution,apply-citation,"{""value"": ""schema with migration"", ""status"": ""real-data"", ""citation"": null}",schema with migration,taxonomy-citations,value unchanged; backfill citation
spirit-ai-character-engine--spiritai-com,tombstoning,apply-citation,"{""value"": ""hard-delete supported"", ""status"": ""real-data"", ""citation"": null}",hard-delete supported,taxonomy-citations,value unchanged; backfill citation
synthesis-tutor--synthesis-com,forgetting,apply-citation,"{""value"": ""TTL-based"", ""status"": ""real-data"", ""citation"": null}",TTL-based,taxonomy-citations,value unchanged; backfill citation
synthesis-tutor--synthesis-com,namespace,apply-citation,"{""value"": ""per-user"", ""status"": ""real-data"", ""citation"": null}",per-user,taxonomy-citations,value unchanged; backfill citation
synthesis-tutor--synthesis-com,schema-evolution,apply-citation,"{""value"": ""free-form / no schema"", ""status"": ""real-data"", ""citation"": null}",free-form / no schema,taxonomy-citations,value unchanged; backfill citation
browserbase--browserbase-com,import-export,apply-value,"{""value"": ""JSON via REST"", ""status"": ""real-data"", ""citation"": ""https://docs.browserbase.com/""}","JSON via REST API (session artifacts: HAR, video, logs, screenshots)",shallow-prose,
cognee-mcp--gh-topoteretes-cognee,api-surface,apply-value,"{""value"": ""MCP (stdio)"", ""status"": ""real-data"", ""citation"": ""https://github.com/topoteretes/cognee""}",MCP (stdio + SSE); cognify/search/codify tool suite,shallow-prose,
mcp-memory-service-doobidoo--gh-doobidoo-mcp-memory-service,import-export,apply-value,"{""value"": ""SQLite / JSON"", ""status"": ""real-data"", ""citation"": ""https://github.com/doobidoo/mcp-memory-service""}",SQLite-vec or ChromaDB backend; JSON export/import via MCP tools,shallow-prose,
mem0-mcp-official--gh-mem0ai-mem0-mcp,api-surface,apply-value,"{""value"": ""MCP (stdio)"", ""status"": ""real-data"", ""citation"": ""https://github.com/mem0ai/mem0-mcp""}",MCP (stdio); add_coding_preference / search_coding_preferences / get_all_coding_preferences,shallow-prose,
mem0-mcp-official--gh-mem0ai-mem0-mcp,import-export,apply-value,"{""value"": ""JSON via REST"", ""status"": ""real-data"", ""citation"": ""https://github.com/mem0ai/mem0-mcp""}",JSON over REST/MCP (add/search/delete memory tools),shallow-prose,
official-mcp-memory-server--gh-modelcontextprotocol-servers,api-surface,apply-value,"{""value"": ""MCP (stdio)"", ""status"": ""real-data"", ""citation"": ""https://github.com/modelcontextprotocol/servers/tree/main/src/memory""}","MCP (stdio); knowledge-graph tools (create_entities/relations/observations, read/search/delete)",shallow-prose,
openmemory-mcp--mem0-ai,api-surface,apply-value,"{""value"": ""MCP (stdio)"", ""status"": ""real-data"", ""citation"": ""https://mem0.ai/openmemory""}",MCP (stdio); local server bridges to Mem0 add/search/list/delete,shallow-prose,
superpowers-episodic-memory-plugin--gh-obra-episodic-memory,import-export,apply-value,"{""value"": ""JSON / SQLite"", ""status"": ""real-data"", ""citation"": ""https://github.com/obra/episodic-memory""}",Local SQLite file; JSONL transcript ingestion,shallow-prose,
aider--aider-chat,api-surface,apply-value,"{""value"": ""CLI"", ""status"": ""real-data"", ""citation"": ""https://aider.chat/docs/""}",CLI (interactive REPL + /commands); no public REST/SDK,shallow-prose,
mistral-vibe-remote-agents-mistral-medium-3-5--mistral-ai,import-export,apply-value,"{""value"": ""JSON via REST"", ""status"": ""real-data"", ""citation"": ""https://docs.mistral.ai/""}",JSON via REST (agents API; conversation export),shallow-prose,
openai-codex-cloud-agent--developers-openai-com,api-surface,apply-value,"{""value"": ""REST"", ""status"": ""real-data"", ""citation"": ""https://openai.com/codex/""}",REST (OpenAI Responses API; Codex CLI wraps it),shallow-prose,
replit-agent--replit-com,api-surface,apply-value,"{""value"": ""REST"", ""status"": ""real-data"", ""citation"": ""https://docs.replit.com/replitai/agent""}",Web UI primary; REST (Replit Cloud API) and CLI for project ops,shallow-prose,
ai-singapore-sea-lion--sea-lion-ai,orchestration,skip-no-change,"{""value"": ""agnostic"", ""status"": ""real-data"", ""citation"": ""https://sea-lion.ai/models/""}",,shallow-prose,terminal-as-is: existing cell confirmed terminal
anda-hippocampus--gh-ldclabs-anda-hippocampus,orchestration,skip-no-change,"{""value"": ""single-agent"", ""status"": ""real-data"", ""citation"": ""https://github.com/ldclabs/anda-hippocampus""}",,shallow-prose,terminal-as-is: existing cell confirmed terminal
autoglm-zhipu-ai--xiao9905-github-io,orchestration,skip-no-change,"{""value"": ""multi-agent"", ""status"": ""real-data"", ""citation"": ""https://xiao9905.github.io/AutoGLM/""}",,shallow-prose,terminal-as-is: existing cell confirmed terminal
backboard--github-com,adjacent-infrastructure,apply-value,"{""value"": ""BYO LLM"", ""status"": ""real-data"", ""citation"": ""https://backboard.io/""}",BYO LLM (OpenAI/Anthropic/Gemini/Ollama keys),shallow-prose,
backboard--github-com,orchestration,skip-no-change,"{""value"": ""agnostic"", ""status"": ""real-data"", ""citation"": ""https://backboard.io/docs""}",,shallow-prose,terminal-as-is: existing cell confirmed terminal
byterover--byterover-dev,api-surface,apply-value,"{""value"": ""REST, MCP"", ""status"": ""real-data"", ""citation"": ""https://www.byterover.dev/""}","REST + MCP (stdio); IDE extensions (VS Code, Cursor)",shallow-prose,
byterover--byterover-dev,orchestration,apply-value,"{""value"": ""single-agent"", ""status"": ""real-data"", ""citation"": ""https://www.byterover.dev/docs""}",single-agent (per IDE workspace) with team-shared memory layer,shallow-prose,
cellon-memory-inc--en-wowtale-net,orchestration,skip-no-change,"{""value"": ""agnostic"", ""status"": ""real-data"", ""citation"": ""https://en.wowtale.net/2026/04/30/233992/""}",,shallow-prose,terminal-as-is: existing cell confirmed terminal
cognee--cognee-ai,orchestration,apply-value,"{""value"": ""both"", ""status"": ""real-data"", ""citation"": ""https://docs.cognee.ai/quickstart""}",both (single-agent default; multi-agent via dataset/user scoping),shallow-prose,
hindsight-vectorize--hindsight-vectorize-io,orchestration,apply-value,"{""value"": ""both"", ""status"": ""real-data"", ""citation"": ""https://hindsight.vectorize.io/blog/2026/03/09/pydantic-ai-persistent-memory""}",both (Pydantic-AI single agents + multi-agent graphs),shallow-prose,
hindsight-vectorize--hindsight-vectorize-io,perf,apply-value,"{""value"": ""91% LMES"", ""status"": ""real-data"", ""citation"": ""https://venturebeat.com/2025/10/""}","91% LMES (Vectorize Hindsight blog, Oct 2025)",shallow-prose,
hyperspell--ycombinator-com,orchestration,skip-no-change,"{""value"": ""single-agent"", ""status"": ""real-data"", ""citation"": ""https://www.hyperspell.com/docs""}",,shallow-prose,terminal-as-is: existing cell confirmed terminal
interloom--interloom-com,orchestration,skip-no-change,"{""value"": ""agnostic"", ""status"": ""real-data"", ""citation"": ""https://interloom.com/en/""}",,shallow-prose,terminal-as-is: existing cell confirmed terminal
jamba-ai21-labs--ai21-com,orchestration,skip-no-change,"{""value"": ""single-agent"", ""status"": ""real-data"", ""citation"": ""https://docs.ai21.com/""}",,shallow-prose,terminal-as-is: existing cell confirmed terminal
krutrim-kruti-ola--ai-labs-olakrutrim-com,orchestration,skip-no-change,"{""value"": ""multi-agent"", ""status"": ""real-data"", ""citation"": ""https://www.olakrutrim.com/""}",,shallow-prose,terminal-as-is: existing cell confirmed terminal
letta-memgpt--letta-com,orchestration,apply-value,"{""value"": ""single-agent"", ""status"": ""real-data"", ""citation"": ""https://docs.letta.com/concepts/agent""}","single-agent (per agent: core, archival, recall memory blocks)",shallow-prose,
m3-agent-bytedance--gh-bytedance-seed-m3-agent,orchestration,skip-no-change,"{""value"": ""single-agent"", ""status"": ""real-data"", ""citation"": ""https://github.com/ByteDance-Seed/m3-agent""}",,shallow-prose,terminal-as-is: existing cell confirmed terminal
m3-agent-bytedance--gh-bytedance-seed-m3-agent,programmatic-control,apply-value,"{""value"": ""research code"", ""status"": ""real-data"", ""citation"": ""https://github.com/ByteDance-Seed/m3-agent""}",research code (PyTorch training + inference scripts; no production API),shallow-prose,
m3-agent-bytedance--gh-bytedance-seed-m3-agent,validated-verticals,skip-no-change,"{""value"": ""research only"", ""status"": ""real-data"", ""citation"": ""https://arxiv.org/""}",,shallow-prose,terminal-as-is: existing cell confirmed terminal
mem0--mem0-ai,orchestration,apply-value,"{""value"": ""both"", ""status"": ""real-data"", ""citation"": ""https://docs.mem0.ai/open-source/features/multi-agent-memory""}",both (user/agent/run scoping for single and multi-agent),shallow-prose,
memary--gh-kingjulio8238-memary,orchestration,skip-no-change,"{""value"": ""single-agent"", ""status"": ""real-data"", ""citation"": ""https://github.com/kingjulio8238/Memary""}",,shallow-prose,terminal-as-is: existing cell confirmed terminal
memary--gh-kingjulio8238-memary,pricing-specifics,apply-value,"{""value"": ""OSS only (MIT)"", ""status"": ""real-data"", ""citation"": ""https://github.com/kingjulio8238/Memary""}",OSS only (MIT) — no hosted offering,shallow-prose,
memmachine--gh-memmachine-memmachine,orchestration,apply-value,"{""value"": ""both"", ""status"": ""real-data"", ""citation"": ""https://memmachine.ai/docs""}",both (per-agent personas; shared episodic graph),shallow-prose,
memmachine--gh-memmachine-memmachine,perf,apply-value,"{""value"": ""0.9169 LoCoMo"", ""status"": ""real-data"", ""citation"": ""https://arxiv.org/html/2604.04853""}",0.9169 LoCoMo F1 (paper Table 4; SOTA at submission),shallow-prose,
memobase--gh-memodb-io-memobase,import-export,apply-value,"{""value"": ""JSON via REST"", ""status"": ""real-data"", ""citation"": ""https://docs.memobase.io/""}",JSON via REST; Python/Node SDK insert/retrieve,shallow-prose,
memobase--gh-memodb-io-memobase,orchestration,apply-value,"{""value"": ""both"", ""status"": ""real-data"", ""citation"": ""https://docs.memobase.io/quickstart""}",both (user-scoped memory; multi-agent sharing via user_id),shallow-prose,
memorax-ai--eu-36kr-com,orchestration,skip-no-change,"{""value"": ""agnostic"", ""status"": ""real-data"", ""citation"": ""https://eu.36kr.com/en/p/3785834045583875""}",,shallow-prose,terminal-as-is: existing cell confirmed terminal
memori--gh-memorilabs-memori,api-surface,apply-value,"{""value"": ""SDK: Python"", ""status"": ""real-data"", ""citation"": ""https://github.com/GibsonAI/memori""}","SDK: Python (memori.enable() one-liner; integrates LiteLLM, OpenAI, Anthropic)",shallow-prose,
memori--gh-memorilabs-memori,orchestration,apply-value,"{""value"": ""both"", ""status"": ""real-data"", ""citation"": ""https://memorilabs.ai/docs""}",both (multi-tenant via namespace; per-agent or shared),shallow-prose,
memoria-matrixorigin--medium-com,adjacent-infrastructure,apply-value,"{""value"": ""BYO LLM"", ""status"": ""real-data"", ""citation"": ""https://www.matrixorigin.io/""}",BYO LLM + MatrixOne HTAP database (vector + graph + KV in one),shallow-prose,
memoria-matrixorigin--medium-com,orchestration,skip-no-change,"{""value"": ""agnostic"", ""status"": ""real-data"", ""citation"": ""https://github.com/matrixorigin/Memoria""}",,shallow-prose,terminal-as-is: existing cell confirmed terminal
memoria-matrixorigin--medium-com,perf,apply-value,"{""value"": ""88.78% LMES"", ""status"": ""real-data"", ""citation"": ""https://medium.com/@matrixorigin-database/benchmarking-memoria-on-longmemeval-strong-memory-retrieval-clear-reader-separation-ee6c89c75d76""}","88.78% LMES (MatrixOrigin benchmark blog, 2025)",shallow-prose,
memory-store--ycombinator-com,orchestration,skip-no-change,"{""value"": ""both"", ""status"": ""real-data"", ""citation"": ""https://www.ycombinator.com/companies/memory-store""}",,shallow-prose,terminal-as-is: existing cell confirmed terminal
memvid--gh-memvid-memvid,orchestration,skip-no-change,"{""value"": ""agnostic"", ""status"": ""real-data"", ""citation"": ""https://github.com/memvid/memvid#readme""}",,shallow-prose,terminal-as-is: existing cell confirmed terminal
memwal-walrus--decrypt-co,orchestration,skip-no-change,"{""value"": ""agnostic"", ""status"": ""real-data"", ""citation"": ""https://www.walrus.xyz/docs""}",,shallow-prose,terminal-as-is: existing cell confirmed terminal
naver-hyperclova-x-think--navercorp-com,orchestration,skip-no-change,"{""value"": ""single-agent"", ""status"": ""real-data"", ""citation"": ""https://clova.ai/en/hyperclova""}",,shallow-prose,terminal-as-is: existing cell confirmed terminal
naver-hyperclova-x-think--navercorp-com,programmatic-control,apply-value,"{""value"": ""enterprise API"", ""status"": ""real-data"", ""citation"": ""https://clova.ai/en/hyperclova""}",enterprise API (NAVER Cloud Platform; closed beta),shallow-prose,
neocognition--prnewswire-com,orchestration,skip-no-change,"{""value"": ""agnostic"", ""status"": ""real-data"", ""citation"": ""https://neocognition.io/""}",,shallow-prose,terminal-as-is: existing cell confirmed terminal
nyne--nyne-ai,orchestration,skip-no-change,"{""value"": ""agnostic"", ""status"": ""real-data"", ""citation"": ""https://nyne.ai/""}",,shallow-prose,terminal-as-is: existing cell confirmed terminal
o-mem--gh-oppo-personalai-o-mem,orchestration,skip-no-change,"{""value"": ""single-agent"", ""status"": ""real-data"", ""citation"": ""https://github.com/OPPO-PersonalAI/O-Mem""}",,shallow-prose,terminal-as-is: existing cell confirmed terminal
omega--omegamax-co,orchestration,skip-no-change,"{""value"": ""both"", ""status"": ""real-data"", ""citation"": ""https://omegamax.co/docs""}",,shallow-prose,terminal-as-is: existing cell confirmed terminal
omega--omegamax-co,perf,apply-value,"{""value"": ""95.4% LMES"", ""status"": ""real-data"", ""citation"": ""https://omegamax.co/benchmarks""}",95.4% LMES (vendor self-reported),shallow-prose,
openmemory--gh-caviraoss-openmemory,api-surface,apply-value,"{""value"": ""REST"", ""status"": ""real-data"", ""citation"": ""https://github.com/mem0ai/mem0/tree/main/openmemory""}",REST; OpenAI-compatible chat endpoint with embedded memory ops,shallow-prose,
openmemory--gh-caviraoss-openmemory,orchestration,skip-no-change,"{""value"": ""agnostic"", ""status"": ""real-data"", ""citation"": ""https://openmemory.cavira.app/docs""}",,shallow-prose,terminal-as-is: existing cell confirmed terminal
superlocalmemory--superlocalmemory-com,orchestration,skip-no-change,"{""value"": ""agnostic"", ""status"": ""real-data"", ""citation"": ""https://www.superlocalmemory.com/docs""}",,shallow-prose,terminal-as-is: existing cell confirmed terminal
supermemory--supermemory-ai,import-export,apply-value,"{""value"": ""JSON via REST"", ""status"": ""real-data"", ""citation"": ""https://docs.supermemory.ai/""}",JSON via REST; documents/URLs/raw text ingestion endpoints,shallow-prose,
supermemory--supermemory-ai,orchestration,apply-value,"{""value"": ""both"", ""status"": ""real-data"", ""citation"": ""https://supermemory.ai/docs""}",both (single-agent default; multi-agent via space/container_tag),shallow-prose,
trace--ycombinator-com,adjacent-infrastructure,apply-value,"{""value"": ""BYO LLM"", ""status"": ""real-data"", ""citation"": ""https://www.usetrace.ai/""}",BYO LLM (browser-agent runtime; user supplies model keys),shallow-prose,
trace--ycombinator-com,orchestration,skip-no-change,"{""value"": ""agnostic"", ""status"": ""real-data"", ""citation"": ""https://www.ycombinator.com/companies/trace-so""}",,shallow-prose,terminal-as-is: existing cell confirmed terminal
vektor-memory--dev-to,orchestration,skip-no-change,"{""value"": ""single-agent"", ""status"": ""real-data"", ""citation"": ""https://dev.to/vektor_memory_43f51a32376/vektor-openai-agents-sdk-production-memory-in-three-lines-59p6""}",,shallow-prose,terminal-as-is: existing cell confirmed terminal
zep-graphiti--getzep-com,orchestration,apply-value,"{""value"": ""both"", ""status"": ""real-data"", ""citation"": ""https://help.getzep.com/graphiti/quickstart""}",both (user/session scoping; group graphs for multi-agent shared memory),shallow-prose,
zep-graphiti--getzep-com,perf,apply-value,"{""value"": ""84% LoCoMo ⚠"", ""status"": ""real-data"", ""citation"": ""https://blog.getzep.com/lies-damn-lies-statistics-is-mem0-really-sota-in-agent-memory/""}",84% LoCoMo (disputed by Mem0 'lies-damn-lies' rebuttal),shallow-prose,
algolia-neuralsearch--algolia-com,import-export,apply-value,"{""value"": ""JSON via REST"", ""status"": ""real-data"", ""citation"": ""https://www.algolia.com/doc/api-reference/api-methods/get-objects/""}",JSON via REST; CSV import in dashboard; batched object operations,shallow-prose,
searchunify--searchunify-com,api-surface,skip-no-change,"{""value"": ""REST"", ""status"": ""real-data"", ""citation"": ""https://www.searchunify.com/""}",,shallow-prose,terminal-as-is: existing cell confirmed terminal
agno-phidata-memory--docs-phidata-com,api-surface,apply-value,"{""value"": ""SDK: Python"", ""status"": ""real-data"", ""citation"": ""https://docs.agno.com/""}",SDK: Python (Agno/Phidata Agent + Memory classes),shallow-prose,
agno-phidata-memory--docs-phidata-com,orchestration,apply-value,"{""value"": ""both"", ""status"": ""real-data"", ""citation"": ""https://docs.phidata.com/agents/memory""}",both (single Agent or multi-Agent Teams with shared memory),shallow-prose,
botpress-llmz--botpress-com,orchestration,skip-no-change,"{""value"": ""single-agent"", ""status"": ""real-data"", ""citation"": ""https://botpress.com/docs/llmz""}",,shallow-prose,terminal-as-is: existing cell confirmed terminal
crewai-memory--crewai-com,api-surface,apply-value,"{""value"": ""SDK: Python"", ""status"": ""real-data"", ""citation"": ""https://docs.crewai.com/""}",SDK: Python (ShortTermMemory / LongTermMemory / EntityMemory),shallow-prose,
dspy-history--dspy-ai,orchestration,skip-no-change,"{""value"": ""single-agent"", ""status"": ""real-data"", ""citation"": ""https://dspy.ai/api/primitives/History/""}",,shallow-prose,terminal-as-is: existing cell confirmed terminal
flowise-memory--docs-flowiseai-com,orchestration,skip-no-change,"{""value"": ""single-agent"", ""status"": ""real-data"", ""citation"": ""https://docs.flowiseai.com/integrations/langchain/memory""}",,shallow-prose,terminal-as-is: existing cell confirmed terminal
google-adk-memory--google-github-io,api-surface,apply-value,"{""value"": ""SDK: Python"", ""status"": ""real-data"", ""citation"": ""https://google.github.io/adk-docs/""}","SDK: Python + Java (MemoryService, SessionService interfaces)",shallow-prose,
google-adk-memory--google-github-io,orchestration,apply-value,"{""value"": ""both"", ""status"": ""real-data"", ""citation"": ""https://google.github.io/adk-docs/sessions/memory/""}",both (single agent + multi-agent sub-agents/parallel flows),shallow-prose,
haystack-memory-deepset--haystack-deepset-ai,orchestration,skip-no-change,"{""value"": ""single-agent"", ""status"": ""real-data"", ""citation"": ""https://haystack.deepset.ai/""}",,shallow-prose,terminal-as-is: existing cell confirmed terminal
langflow-memory--docs-langflow-org,api-surface,apply-value,"{""value"": ""REST"", ""status"": ""real-data"", ""citation"": ""https://docs.langflow.org/""}",REST + Python SDK; MCP server endpoint,shallow-prose,
langflow-memory--docs-langflow-org,orchestration,apply-value,"{""value"": ""both"", ""status"": ""real-data"", ""citation"": ""https://docs.langflow.org/memory""}",both (single-flow agents + multi-agent flows),shallow-prose,
langgraph-persistence--docs-langchain-com,orchestration,apply-value,"{""value"": ""both"", ""status"": ""real-data"", ""citation"": ""https://docs.langchain.com/oss/python/langgraph/persistence""}",both (single agent + multi-agent graphs; thread + cross-thread memory),shallow-prose,
langmem-langchain--langchain-ai-github-io,api-surface,apply-value,"{""value"": ""SDK: Python"", ""status"": ""real-data"", ""citation"": ""https://langchain-ai.github.io/langmem/""}","SDK: Python (create_manage_memory_tool, create_search_memory_tool, background memory manager)",shallow-prose,
langmem-langchain--langchain-ai-github-io,orchestration,apply-value,"{""value"": ""both"", ""status"": ""real-data"", ""citation"": ""https://langchain-ai.github.io/langmem/""}",both (works with single LangGraph agents and multi-agent setups via store),shallow-prose,
lindy-ai-memory--docs-lindy-ai,orchestration,apply-value,"{""value"": ""single-agent"", ""status"": ""real-data"", ""citation"": ""https://docs.lindy.ai/fundamentals/lindy-101/memory""}",single-agent (per-Lindy memory; shared knowledge bases at org level),shallow-prose,
llamaindex-memory--llamaindex-ai,orchestration,apply-value,"{""value"": ""single-agent"", ""status"": ""real-data"", ""citation"": ""https://docs.llamaindex.ai/en/stable/module_guides/deploying/agents/""}",single-agent (Memory module per ChatEngine/AgentRunner),shallow-prose,
mastra-memory--mastra-ai,orchestration,apply-value,"{""value"": ""both"", ""status"": ""real-data"", ""citation"": ""https://mastra.ai/docs/memory/overview""}",both (single Agent + multi-agent workflows; thread/resource scoping),shallow-prose,
mastra-memory--mastra-ai,perf,apply-value,"{""value"": ""94.87% LMES"", ""status"": ""real-data"", ""citation"": ""https://mastra.ai/research/observational-memory""}","94.87% LMES (Mastra observational memory research, 2025)",shallow-prose,
n8n-ai-agent-memory--docs-n8n-io,orchestration,apply-value,"{""value"": ""hybrid"", ""status"": ""real-data"", ""citation"": ""https://docs.n8n.io/advanced-ai/examples/understand-memory/""}",hybrid (workflow-driven; AI Agent node memory + external store nodes),shallow-prose,
openai-agents-sdk-memory--openai-github-io,orchestration,apply-value,"{""value"": ""both"", ""status"": ""real-data"", ""citation"": ""https://openai.github.io/openai-agents-python/ref/memory/""}",both (single Agent + handoffs/multi-agent runs; session-scoped memory),shallow-prose,
pydantic-ai-hindsight--hindsight-vectorize-io,orchestration,skip-no-change,"{""value"": ""single-agent"", ""status"": ""real-data"", ""citation"": ""https://hindsight.vectorize.io/blog/2026/03/09/pydantic-ai-persistent-memory""}",,shallow-prose,terminal-as-is: existing cell confirmed terminal
pydantic-ai-memorytool--pydantic-dev,import-export,skip-no-change,"{""value"": ""JSON"", ""status"": ""real-data"", ""citation"": ""https://ai.pydantic.dev/""}",,shallow-prose,terminal-as-is: existing cell confirmed terminal
pydantic-ai-memorytool--pydantic-dev,orchestration,skip-no-change,"{""value"": ""single-agent"", ""status"": ""real-data"", ""citation"": ""https://pydantic.dev/docs/ai/tools-toolsets/builtin-tools/""}",,shallow-prose,terminal-as-is: existing cell confirmed terminal
relevance-ai-memory--relevanceai-com,import-export,apply-value,"{""value"": ""JSON via REST"", ""status"": ""real-data"", ""citation"": ""https://relevanceai.com/docs/""}",JSON via REST; CSV/JSONL dataset import,shallow-prose,
retell-ai--retellai-com,import-export,apply-value,"{""value"": ""JSON via REST"", ""status"": ""real-data"", ""citation"": ""https://docs.retellai.com/""}","JSON via REST (call transcripts, recordings as MP3/WAV URLs)",shallow-prose,
rivet-memory-node-ironclad--rivet-ironcladapp-com,orchestration,apply-value,"{""value"": ""single-agent"", ""status"": ""real-data"", ""citation"": ""https://rivet.ironcladapp.com/docs""}",single-agent (per-graph; multi-agent via subgraph nodes),shallow-prose,
rivet-memory-node-ironclad--rivet-ironcladapp-com,pricing-specifics,apply-value,"{""value"": ""OSS (MIT) free"", ""status"": ""real-data"", ""citation"": ""https://github.com/Ironclad/rivet""}",OSS (MIT) free; Ironclad commercial product paid separately,shallow-prose,
semantic-kernel-memory--learn-microsoft-com,orchestration,apply-value,"{""value"": ""single-agent"", ""status"": ""real-data"", ""citation"": ""https://learn.microsoft.com/en-us/semantic-kernel/overview/""}",single-agent (per Kernel; multi-agent via Agent Framework),shallow-prose,
semantic-kernel-memory--learn-microsoft-com,session-handling,apply-value,"{""value"": ""sticky session"", ""status"": ""real-data"", ""citation"": ""https://learn.microsoft.com/en-us/semantic-kernel/frameworks/agent/agent-memory""}",sticky session (ChatHistory per Kernel; ChatHistoryReducer for truncation),shallow-prose,
smolagents-memory--huggingface-co,api-surface,apply-value,"{""value"": ""SDK: Python"", ""status"": ""real-data"", ""citation"": ""https://huggingface.co/docs/smolagents/""}",SDK: Python (agent.memory.steps; CodeAgent/ToolCallingAgent),shallow-prose,
smolagents-memory--huggingface-co,orchestration,apply-value,"{""value"": ""single-agent"", ""status"": ""real-data"", ""citation"": ""https://huggingface.co/docs/smolagents/tutorials/memory""}",single-agent (multi-agent via managed_agents parameter),shallow-prose,
spring-ai-chatmemory--docs-spring-io,orchestration,apply-value,"{""value"": ""single-agent"", ""status"": ""real-data"", ""citation"": ""https://docs.spring.io/spring-ai/reference/api/chat-memory.html""}",single-agent (per ChatClient conversation_id),shallow-prose,
stack-ai--stackai-com,import-export,apply-value,"{""value"": ""JSON via REST"", ""status"": ""real-data"", ""citation"": ""https://docs.stack-ai.com/""}",JSON via REST; CSV/Sheets/Notion/Drive/S3 connectors,shallow-prose,
stack-ai--stackai-com,orchestration,apply-value,"{""value"": ""single-agent"", ""status"": ""real-data"", ""citation"": ""https://docs.stack-ai.com/""}",single-agent (per-project flow; multi-agent via sub-flows),shallow-prose,
strands-agents-memory-aws--docs-aws-amazon-com,api-surface,apply-value,"{""value"": ""SDK: Python"", ""status"": ""real-data"", ""citation"": ""https://strandsagents.com/""}",SDK: Python (Agent + ConversationManager; Bedrock AgentCore Memory),shallow-prose,
strands-agents-memory-aws--docs-aws-amazon-com,orchestration,apply-value,"{""value"": ""both"", ""status"": ""real-data"", ""citation"": ""https://strandsagents.com/""}",both (single Agent + Agent-as-tools for multi-agent),shallow-prose,
vapi-voice-agents--vapi-ai,import-export,apply-value,"{""value"": ""JSON via REST"", ""status"": ""real-data"", ""citation"": ""https://docs.vapi.ai/""}",JSON via REST; webhook events; call recordings export,shallow-prose,
voiceflow-memory--docs-voiceflow-com,orchestration,apply-value,"{""value"": ""single-agent"", ""status"": ""real-data"", ""citation"": ""https://docs.voiceflow.com/docs/memory""}",single-agent (per-Assistant; variables + KB),shallow-prose,
apache-age--age-apache-org,claims,apply-value,"{""value"": ""Apache 2.0."", ""status"": ""real-data"", ""citation"": ""https://age.apache.org/""}",Apache 2.0 licensed; openCypher on PostgreSQL; Apache top-level project 2023,shallow-prose,
diffbot--diffbot-com,api-surface,apply-value,"{""value"": ""REST, GraphQL"", ""status"": ""real-data"", ""citation"": ""https://docs.diffbot.com/reference/dql-api""}","REST + GraphQL (DQL Knowledge Graph; Enhance, Extract APIs)",shallow-prose,
ontotext-graphdb-graphwise--graphwise-ai,api-surface,apply-value,"{""value"": ""REST, SPARQL"", ""status"": ""real-data"", ""citation"": ""https://graphdb.ontotext.com/documentation/10.7/rest-api.html""}",REST + SPARQL 1.1 endpoint + RDF4J Workbench,shallow-prose,
poolparty-now-graphwise--poolparty-biz,api-surface,apply-value,"{""value"": ""REST, SPARQL"", ""status"": ""real-data"", ""citation"": ""https://help.poolparty.biz/doc/developer-guide-api""}",REST + SPARQL 1.1 endpoint; SKOS thesaurus APIs,shallow-prose,
topquadrant-topbraid-edg--topquadrant-com,api-surface,apply-value,"{""value"": ""REST, SPARQL"", ""status"": ""real-data"", ""citation"": ""https://www.topquadrant.com/edg-documentation/""}",REST + SPARQL 1.1 endpoint; GraphQL schema generation,shallow-prose,
personal-ai--personal-ai,api-surface,apply-value,"{""value"": ""REST"", ""status"": ""real-data"", ""citation"": ""https://www.personal.ai/""}","REST (Personal AI API; message, memory ingest, conversation endpoints)",shallow-prose,
remnote-ai--remnote-com,api-surface,apply-value,"{""value"": ""REST"", ""status"": ""real-data"", ""citation"": ""https://www.remnote.com/""}",REST (RemNote API for documents/cards) — beta,shallow-prose,
mistral-agents-api--docs-mistral-ai,import-export,apply-value,"{""value"": ""JSON via REST"", ""status"": ""real-data"", ""citation"": ""https://docs.mistral.ai/""}",JSON via REST (Mistral Agents API; conversations / messages / handoffs),shallow-prose,
a-mem--gh-wujiangxu-a-mem,validated-verticals,skip-no-change,"{""value"": ""research only"", ""status"": ""real-data"", ""citation"": ""https://github.com/WujiangXu/A-mem""}",,shallow-prose,terminal-as-is: existing cell confirmed terminal
bai-lab-memoryos--gh-bai-lab-memoryos,perf,apply-value,"{""value"": ""+48.36% LoCoMo"", ""status"": ""real-data"", ""citation"": ""https://aclanthology.org/2025.emnlp-main.0/""}",+48.36% F1 vs baselines on LoCoMo (EMNLP 2025 paper),shallow-prose,
bai-lab-memoryos--gh-bai-lab-memoryos,validated-verticals,skip-no-change,"{""value"": ""research only"", ""status"": ""real-data"", ""citation"": ""https://github.com/BAI-LAB/MemoryOS""}",,shallow-prose,terminal-as-is: existing cell confirmed terminal
evermemos--arxiv-2601-02163,perf,apply-value,"{""value"": ""83.0% LMES"", ""status"": ""real-data"", ""citation"": ""https://arxiv.org/abs/2601.02163""}",83.0% LMES (arXiv 2601.02163),shallow-prose,
evermemos--arxiv-2601-02163,validated-verticals,skip-no-change,"{""value"": ""research only"", ""status"": ""real-data"", ""citation"": ""https://arxiv.org/abs/2601.02163""}",,shallow-prose,terminal-as-is: existing cell confirmed terminal
evolve-mem--openreview-net,perf,apply-value,"{""value"": ""58.3% LoCoMo"", ""status"": ""real-data"", ""citation"": ""https://openreview.net/forum?id=dfPQrg1WA5""}",58.3% LoCoMo (OpenReview paper),shallow-prose,
evolve-mem--openreview-net,validated-verticals,skip-no-change,"{""value"": ""research only"", ""status"": ""real-data"", ""citation"": ""https://openreview.net/forum?id=dfPQrg1WA5""}",,shallow-prose,terminal-as-is: existing cell confirmed terminal
licomemory--arxiv-2511-01448,validated-verticals,skip-no-change,"{""value"": ""research only"", ""status"": ""real-data"", ""citation"": ""https://arxiv.org/abs/2511.01448""}",,shallow-prose,terminal-as-is: existing cell confirmed terminal
memorag--gh-qhjqhj00-memorag,validated-verticals,skip-no-change,"{""value"": ""research only"", ""status"": ""real-data"", ""citation"": ""https://github.com/qhjqhj00/MemoRAG""}",,shallow-prose,terminal-as-is: existing cell confirmed terminal
memos-memtensor--gh-memtensor-memos,validated-verticals,skip-no-change,"{""value"": ""research only"", ""status"": ""real-data"", ""citation"": ""https://github.com/MemTensor/MemOS""}",,shallow-prose,terminal-as-is: existing cell confirmed terminal
mempalace--mempalace-net,perf,apply-value,"{""value"": ""96.6% LMES ⚠"", ""status"": ""real-data"", ""citation"": ""https://www.mempalace.net/""}",96.6% LMES (vendor-self-reported; flagged for verification),shallow-prose,
mempalace--mempalace-net,validated-verticals,skip-no-change,"{""value"": ""research only"", ""status"": ""real-data"", ""citation"": ""https://www.mempalace.net/""}",,shallow-prose,terminal-as-is: existing cell confirmed terminal
timem--arxiv-2601-02845,validated-verticals,skip-no-change,"{""value"": ""research only"", ""status"": ""real-data"", ""citation"": ""https://arxiv.org/abs/2601.02845""}",,shallow-prose,terminal-as-is: existing cell confirmed terminal
titans-google--research-google,validated-verticals,skip-no-change,"{""value"": ""research only"", ""status"": ""real-data"", ""citation"": ""https://research.google/blog/titans-miras-helping-ai-have-long-term-memory/""}",,shallow-prose,terminal-as-is: existing cell confirmed terminal
tc-rag--arxiv-2408-09199,claims,apply-value,"{""value"": ""ACL 2025 Oral."", ""status"": ""real-data"", ""citation"": ""https://arxiv.org/abs/2408.09199""}",ACL 2025 Oral; turning-point clinical RAG benchmark,shallow-prose,
marqo--marqo-ai,import-export,apply-value,"{""value"": ""JSON via REST"", ""status"": ""real-data"", ""citation"": ""https://docs.marqo.ai/2.0/API-Reference/Documents/get_documents/""}",JSON via REST; batched document add/get/delete,shallow-prose,
snowflake-cortex-search--docs-snowflake-com,api-surface,apply-value,"{""value"": ""REST, SQL"", ""status"": ""real-data"", ""citation"": ""https://docs.snowflake.com/en/sql-reference/functions/search_preview-snowflake-cortex""}",REST + SQL (SEARCH_PREVIEW table function; CORTEX SEARCH service),shallow-prose,
turbopuffer--turbopuffer-com,import-export,apply-value,"{""value"": ""JSON via REST"", ""status"": ""real-data"", ""citation"": ""https://turbopuffer.com/docs/api""}",JSON via REST; namespace upsert/query; Parquet ingest beta,shallow-prose,
intercom-fin--fin-ai,import-export,apply-value,"{""value"": ""JSON via REST"", ""status"": ""real-data"", ""citation"": ""https://developers.intercom.com/""}",JSON via REST; CSV bulk import in admin UI,shallow-prose,
omi--omi-me,import-export,apply-value,"{""value"": ""JSON via API"", ""status"": ""real-data"", ""citation"": ""https://www.omi.me/""}",JSON via API; OmiFS file system exposes conversations/memories,shallow-prose,
otter-ai--otter-ai,api-surface,apply-value,"{""value"": ""REST"", ""status"": ""real-data"", ""citation"": ""https://otter.ai/""}",REST (Otter API for speeches/transcripts) — partner access,shallow-prose,
read-ai--read-ai,api-surface,apply-value,"{""value"": ""REST"", ""status"": ""real-data"", ""citation"": ""https://www.read.ai/""}",REST (Read.ai integrations API + webhooks),shallow-prose,
