system,section,field,value,source_url,notes
Anthropic Claude Memory,Platform-provider memory,created,2024-09 (Enterprise/Team rollout); 2026-03-02 (all users incl. free),https://www.reworked.co/digital-workplace/claude-ai-gains-persistent-memory-in-latest-anthropic-update/,Memory first available Enterprise/Team Sept 2024; expanded to all free users March 2 2026
Anthropic Claude Memory,Platform-provider memory,funding,Anthropic total $12.4B+ raised; $40B valuation (Series E+ 2025),https://www.anthropic.com/company,Parent company funding — product is bundled into Claude plans
Anthropic Claude Memory,Platform-provider memory,conflict_resolution,manual,https://claudefa.st/blog/guide/mechanics/auto-dream,Auto Dream consolidation is not user-controllable but no cross-fact arbitration documented
OpenAI ChatGPT Memory,Platform-provider memory,created,2024-02-13 (limited rollout); GA broader rollout mid-2024,https://techcrunch.com/2024/02/13/chatgpt-will-now-remember-and-forget-things-you-tell-it-to/,February 13 2024 initial limited rollout to small portion of free and paid users
OpenAI ChatGPT Memory,Platform-provider memory,funding,OpenAI total $57B+ raised; $300B+ valuation (2025),https://openai.com/,Parent company funding — product bundled into ChatGPT plans
OpenAI ChatGPT Memory,Platform-provider memory,conflict_resolution,LLM-arbitrate,https://openai.com/index/memory-and-new-controls-for-chatgpt/,ChatGPT resolves contradictions by updating older memories via LLM inference
Google Gemini Memory,Platform-provider memory,created,2024-11-20 (initial rollout to Gemini Advanced subscribers),https://techcrunch.com/2024/11/19/googles-gemini-chatbot-now-has-memory/,Gemini Advanced ($20/mo Google One AI Premium) only initially; later expanded
Google Gemini Memory,Platform-provider memory,funding,Google/Alphabet public (GOOGL); no separate Gemini funding,https://about.google/,Parent company Google
Google Gemini Memory,Platform-provider memory,conflict_resolution,LLM-arbitrate,https://blog.google/products/gemini/temporary-chats-privacy-controls/,Gemini infers which fact supersedes based on recency and context — no explicit conflict API
Microsoft Copilot Memory,Platform-provider memory,created,2025-07 (GA); public announcement June 2025 Microsoft Build,https://techcommunity.microsoft.com/blog/microsoft365copilotblog/introducing-copilot-memory-a-more-productive-and-personalized-ai-for-the-way-you/4432059,General availability began staged rollout July 2025; full rollout through Aug-Sept 2025
Microsoft Copilot Memory,Platform-provider memory,funding,Microsoft public (MSFT); market cap ~$3T,https://www.microsoft.com/,Parent company Microsoft
Microsoft Copilot Memory,Platform-provider memory,conflict_resolution,overwrite,https://learn.microsoft.com/en-us/copilot/microsoft-365/copilot-personalization-memory,Most recent fact overwrites older one in Exchange-backed store
LinkedIn Cognitive Memory Agent,Platform-provider memory,created,2026-04 (engineering blog published April 2026; Hiring Assistant shipped 2025),https://www.infoq.com/news/2026/04/linkedin-cognitive-memory-agent/,Internal system; Hiring Assistant launched globally 2025; CMA architecture published April 2026
LinkedIn Cognitive Memory Agent,Platform-provider memory,pricing,no data — searched not found (internal LinkedIn infrastructure — not commercially sold),https://www.linkedin.com/blog/engineering/ai/the-linkedin-generative-ai-application-tech-stack-personalization-with-cognitive-memory-agent,Internal platform only; no external product pricing
LinkedIn Cognitive Memory Agent,Platform-provider memory,compliance,LinkedIn (Microsoft) inherits Microsoft compliance posture: SOC 2; ISO 27001; GDPR,https://www.linkedin.com/help/linkedin/answer/a1340367,LinkedIn GDPR-compliant; Microsoft 365 compliance applies to Hiring Assistant
LinkedIn Cognitive Memory Agent,Platform-provider memory,data_handling,Internal only — data stays within LinkedIn/Microsoft infrastructure; not externally exposed,https://www.linkedin.com/help/linkedin/answer/a1340367,No external customer data handling — purely internal production system
LinkedIn Cognitive Memory Agent,Platform-provider memory,deployment,Managed-only (internal LinkedIn production infrastructure),https://www.infoq.com/news/2026/04/linkedin-cognitive-memory-agent/,Not externally deployable
LinkedIn Cognitive Memory Agent,Platform-provider memory,founders,"LinkedIn corporate product; key engineers: Xiaofeng Wang, Karthik Ramgopal (Distinguished Engineer)",https://www.infoq.com/news/2026/04/linkedin-cognitive-memory-agent/,Internal team — no external founders
LinkedIn Cognitive Memory Agent,Platform-provider memory,conflict_resolution,none specified,https://www.infoq.com/news/2026/04/linkedin-cognitive-memory-agent/,Architecture blog does not describe explicit conflict resolution
Perplexity Memory,Platform-provider memory,customers,Pro/Enterprise subscribers — exact count undisclosed; Perplexity ~$200M ARR as of Feb 2026,https://www.perplexity.ai/help-center/en/articles/10968016-memory,Pro plan (memory available); Enterprise Memory adds org-scoped retrieval
Perplexity Memory,Platform-provider memory,compliance,SOC 2 Type II; GDPR-compliant; HIPAA (Enterprise Pro/Max with BAA),https://trust.perplexity.ai/,Per Perplexity trust center
Perplexity Memory,Platform-provider memory,data_handling,"Enterprise: never trains on customer data; deleted memories retained up to 30 days for safety; free/non-enterprise: trains by default; opt-out available",https://docs.perplexity.ai/guides/privacy-security,Enterprise Pro/Max: no training; org admins control retention periods
Perplexity Memory,Platform-provider memory,conflict_resolution,LLM-arbitrate,https://www.perplexity.ai/help-center/en/articles/10968016-memory,95% recall at Feb 2026 update — implied LLM-driven fact consolidation
Grok Memory (xAI),Platform-provider memory,created,2025-02-17 (Grok 3 launch with memory),https://en.wikipedia.org/wiki/Grok_(chatbot),Grok 3 released Feb 17 2025 included memory feature
Grok Memory (xAI),Platform-provider memory,funding,"xAI $22.1B+ total raised; valuation ~$50B (2025 round)",https://sacra.com/c/xai/,Multiple rounds 2024-2025 including $6B Dec 2024 and additional $20B 2025
Grok Memory (xAI),Platform-provider memory,compliance,"no data — searched not found; no published SOC2/ISO cert; Ireland DPA investigating EU data use",https://x.ai/legal/privacy-policy,No formal compliance certifications published; active regulatory scrutiny in EU
Grok Memory (xAI),Platform-provider memory,data_handling,"By default does not use conversations for training; private chat mode available; data deleted within 30 days on request",https://x.ai/legal/privacy-policy,Not available EU/UK per beta restriction; security incident (370k private chats leaked 2025)
Grok Memory (xAI),Platform-provider memory,conflict_resolution,LLM-arbitrate,https://www.maginative.com/article/xai-upgrades-grok-with-personalized-memory-and-custom-workspaces/,User-deletable individual memories; LLM determines fact precedence
Mistral Le Chat — Memories,Platform-provider memory,created,2025-02 (announced alongside Pro/Team tiers in Feb 2025),https://mistral.ai/news/all-new-le-chat,Memories feature launched with Le Chat Pro tier February 2025
Mistral Le Chat — Memories,Platform-provider memory,funding,"Mistral AI $3.05B total raised; €11.7B valuation (Series C Sept 2025)",https://mistral.ai/news/mistral-ai-raises-1-7-b-to-accelerate-technological-progress-with-ai,Series C €1.7B at €11.7B post-money Sept 2025; additional $830M debt financing March 2026
Mistral Le Chat — Memories,Platform-provider memory,customers,"no data — searched not found; Le Chat user count not disclosed; Europe-focused enterprise",https://mistral.ai/,No specific customer/MAU count publicly disclosed for Le Chat Memories
Mistral Le Chat — Memories,Platform-provider memory,pricing,"Free tier (limited); Pro €14.99/mo; Team ~€24.99/user/mo; Enterprise custom",https://www.datastudios.org/post/mistral-le-chat-capabilities-pricing-and-enterprise-ambitions-in-2025,Memory available on Pro and above; up to 500 memories per user
Mistral Le Chat — Memories,Platform-provider memory,compliance,"SOC 2 (on request); ISO 27001; GDPR-compliant (HQ Paris); EU data residency by default",https://help.mistral.ai/en/collections/789666-trust-security-compliance,French company — GDPR is baseline; SOC 2 reports available under NDA
Mistral Le Chat — Memories,Platform-provider memory,data_handling,"API: 30-day retention for abuse monitoring then deleted; ZDR available on API; Le Chat: opt-out available; does not use for training with opt-out",https://help.mistral.ai/en/articles/396497-how-do-you-handle-my-data-when-using-the-memories-feature,EU data residency by default; US routing opt-in
Mistral Le Chat — Memories,Platform-provider memory,deployment,Managed-only (Le Chat) + self-hosted (open weights models) + private cloud via enterprise,https://mistral.ai/,Open-weight models can be self-hosted; Le Chat itself is managed-only
Mistral Le Chat — Memories,Platform-provider memory,hq,"Paris, France",https://mistral.ai/,Founded and HQ in Paris 2023
Mistral Le Chat — Memories,Platform-provider memory,conflict_resolution,LLM-arbitrate,https://help.mistral.ai/en/articles/396497-how-do-you-handle-my-data-when-using-the-memories-feature,Graph-based memory with LLM-driven consolidation of contradictions
Meta AI Memory,Platform-provider memory,created,2024-10 (memory feature rolled out with Meta AI October 2024 refresh),https://www.meta.com/help/artificial-intelligence/948583263661526/,Meta AI launched October 2024 with cross-platform memory via Accounts Center
Meta AI Memory,Platform-provider memory,pricing,Free (core); Meta AI+ $10/mo (extended 90-day memory vs 30-day free),https://costbench.com/software/ai-chatbots/meta-ai/,Meta AI core is free with Facebook/Instagram account
Meta AI Memory,Platform-provider memory,compliance,"no data — searched not found for specific certifications; Meta GDPR-compliant in EU but memory not available in EU",https://www.meta.com/help/artificial-intelligence/948583263661526/,Memory explicitly not available in EU; general Meta privacy infrastructure applies
Meta AI Memory,Platform-provider memory,data_handling,"Free: trains by default; AI+: no training; Enterprise: no training + region locking + custom retention",https://www.datastudios.org/post/meta-ai-paid-vs-free-plan-feature-differences,User-deletable memories; data propagates across Instagram/WhatsApp/Messenger
Meta AI Memory,Platform-provider memory,deployment,Managed-only,https://www.meta.com/help/artificial-intelligence/948583263661526/,No self-hosted option; consumer product only
Meta AI Memory,Platform-provider memory,conflict_resolution,LLM-arbitrate,https://www.meta.com/help/artificial-intelligence/948583263661526/,Implied LLM-based fact arbitration — no explicit conflict mechanism documented
Cloudflare Agent Memory,Platform-provider memory,created,2026-04-17 (private beta announced Cloudflare Agents Week),https://blog.cloudflare.com/introducing-agent-memory/,Private beta April 17 2026; public beta rollout expected April 30 2026
Cloudflare Agent Memory,Platform-provider memory,funding,"Cloudflare public (NET); market cap ~$45B",https://www.cloudflare.com/,Parent company Cloudflare — feature not independently funded
Cloudflare Agent Memory,Platform-provider memory,customers,no data — searched not found (beta; no customer names disclosed),https://blog.cloudflare.com/introducing-agent-memory/,Private beta — waitlist only at launch
Cloudflare Agent Memory,Platform-provider memory,pricing,"no data — searched not found (pricing not announced at beta launch April 2026)",https://blog.cloudflare.com/introducing-agent-memory/,Pricing TBD; expected to follow Workers/D1 pay-per-use model
Cloudflare Agent Memory,Platform-provider memory,founders,"Cloudflare founded 2009 by Matthew Prince (CEO), Lee Holloway, Michelle Zatlyn",https://www.cloudflare.com/our-story/,Corporate feature — founders of parent company
AWS Bedrock AgentCore Memory,Platform-provider memory,created,2025-07-16 (preview launch); 2025-10-13 (GA),https://aws.amazon.com/about-aws/whats-new/2025/10/amazon-bedrock-agentcore-available/,Preview at AWS Summit NYC July 2025; GA October 13 2025
AWS Bedrock AgentCore Memory,Platform-provider memory,funding,"Amazon/AWS public (AMZN); market cap ~$2T",https://aws.amazon.com/,Corporate feature — parent company AWS
AWS Bedrock AgentCore Memory,Platform-provider memory,customers,"Caylent, Epsilon, Cox Automotive, Thomson Reuters, Workday, NTT Data, MongoDB, PGA TOUR, Pulumi, Snorkel.ai, Swisscom, S&P Global Market Intelligence",https://aws.amazon.com/blogs/apn/aws-partners-demonstrate-enterprise-ai-agent-solutions-with-amazon-bedrock-agentcore/,Named enterprise customers from AWS blog (Oct/Dec 2025)
AWS Bedrock AgentCore Memory,Platform-provider memory,founders,"Amazon/AWS corporate product (Andy Jassy CEO Amazon; Matt Garman CEO AWS)",https://aws.amazon.com/,No independent founders — corporate product
AWS Bedrock AgentCore Memory,Platform-provider memory,conflict_resolution,none specified,https://docs.aws.amazon.com/bedrock-agentcore/latest/devguide/memory-integrate-lang.html,No conflict resolution mechanism documented in public docs
Vertex AI Memory Bank,Platform-provider memory,created,2025-07-08 (public preview announced),https://cloud.google.com/blog/products/ai-machine-learning/vertex-ai-memory-bank-in-public-preview,Public preview announced July 8 2025 at Google Cloud
Vertex AI Memory Bank,Platform-provider memory,funding,"Google/Alphabet public (GOOGL); market cap ~$2T",https://about.google/,Parent company Google — feature part of Vertex AI
Vertex AI Memory Bank,Platform-provider memory,customers,"Payhawk (financial AI; 50%+ reduction in submission time), Gurunavi (UMAME! restaurant app), SeaArt Entertainment (digital art personalization)",https://cloud.google.com/blog/products/ai-machine-learning/vertex-ai-memory-bank-in-public-preview,Named early-access customers from Google Cloud blog July 2025
Vertex AI Memory Bank,Platform-provider memory,founders,"Google DeepMind / Google Cloud corporate product (Sundar Pichai CEO; Thomas Kurian Google Cloud CEO)",https://about.google/,No independent founders — corporate product
Vertex AI Memory Bank,Platform-provider memory,conflict_resolution,none specified,https://docs.cloud.google.com/agent-builder/agent-engine/memory-bank/quickstart-adk,No explicit conflict resolution documented in ADK quickstart
Tencent ima.copilot,Platform-provider memory,created,"no data — searched not found (ima.copilot launched circa 2023; ima.copilot 2.0 Oct 2025; exact date not publicly documented in English)",https://phemex.com/news/article/tencent-ima-unveils-agent-mode-copilot-with-advanced-memory-system-77195,ima.copilot 2.0 with Copilot mode launched October 2025
Tencent ima.copilot,Platform-provider memory,compliance,"Subject to China PIPL (Personal Information Protection Law) and MIIT oversight; no Western certifications disclosed",https://www.cpomagazine.com/data-privacy/chinas-new-data-laws-force-tencent-to-submit-new-apps-updates-for-government-approval/,Chinese regulatory framework applies; MIIT reviews all Tencent apps
Tencent ima.copilot,Platform-provider memory,data_handling,"no data — searched not found in English; subject to Chinese data sovereignty laws; PIPL-governed",https://ima.qq.com,No English-language data handling policy found; operates under PIPL
Tencent ima.copilot,Platform-provider memory,founders,"Tencent corporate product (Pony Ma / Ma Huateng, CEO and co-founder of Tencent)",https://www.tencent.com/,Product built on Hunyuan LLM; corporate product within Tencent
Tencent ima.copilot,Platform-provider memory,conflict_resolution,none specified,https://ima.qq.com,No conflict resolution mechanism documented in available English sources
Anthropic Managed Agents — Memory,Platform-provider memory,created,2026-04-08 (Managed Agents GA); 2026-04-23 (Memory beta added),https://platform.claude.com/docs/en/release-notes/overview,Memory beta launched April 23 2026 two weeks after Managed Agents itself (April 8 2026)
Anthropic Managed Agents — Memory,Platform-provider memory,funding,"Anthropic $12.4B+ raised; $40B valuation",https://www.anthropic.com/company,Parent company funding
Anthropic Managed Agents — Memory,Platform-provider memory,customers,"Rakuten (97% fewer first-pass errors, 27% lower cost, 34% lower latency in early use)",https://www.techzine.eu/news/devops/140836/anthropic-adds-memory-to-claude-managed-agents/,Rakuten is the only named design partner for Managed Agents Memory
Anthropic Managed Agents — Memory,Platform-provider memory,pricing,"Claude API token rates + $0.08 per session-hour for Managed Agents",https://platform.claude.com/docs/en/managed-agents/overview,Standard Anthropic API pricing applies plus session-hour charge
Anthropic Managed Agents — Memory,Platform-provider memory,compliance,"SOC 2 Type I, SOC 2 Type II, ISO 27001, ISO 42001, HIPAA (with BAA); FedRAMP in progress",https://trust.anthropic.com/,Inherits Anthropic platform compliance
Anthropic Managed Agents — Memory,Platform-provider memory,data_handling,"Enterprise/API: never trains on customer data; FedRAMP in progress; opt-out toggle for consumer plans",https://privacy.claude.com/en/articles/10015870-what-certifications-has-anthropic-obtained,Filesystem-backed memory; agent reads/writes via bash tools; full audit log per session
Anthropic Managed Agents — Memory,Platform-provider memory,deployment,Managed-only (hosted Anthropic infrastructure),https://platform.claude.com/docs/en/managed-agents/overview,No self-hosted option; Anthropic-managed sandboxed execution
Anthropic Managed Agents — Memory,Platform-provider memory,hq,"San Francisco, CA, US",https://www.anthropic.com/company,Anthropic HQ in San Francisco
Anthropic Managed Agents — Memory,Platform-provider memory,founders,"Anthropic; Dario Amodei (CEO; ex-OpenAI VP Research), Daniela Amodei (President; ex-OpenAI VP Operations)",https://www.anthropic.com/company,Co-founded 2021 by Amodei siblings with other ex-OpenAI researchers
Anthropic Managed Agents — Memory,Platform-provider memory,conflict_resolution,none specified,https://platform.claude.com/docs/en/managed-agents/overview,No explicit conflict resolution — file-as-memory model; agent decides overwrite vs append
Devin (Cognition),Coding-agent memory,compliance,"Encryption in transit and at rest; no customer data used for training by default (Enterprise: never trains); Trust Center requires NDA for reports",https://docs.devin.ai/admin/security,SOC 2 status not publicly confirmed; Cognition Trust Center (trust.cognition.ai) available with NDA
Devin (Cognition),Coding-agent memory,data_handling,"By default no training on customer data; Enterprise: contractual prohibition on training; data retained only during customer relationship",https://docs.devin.ai/admin/security,Opt-in training available in Data Controls settings; no ZDR published
Devin (Cognition),Coding-agent memory,conflict_resolution,none specified,https://docs.devin.ai/product-guides/knowledge,Knowledge items have three-tier scope (repo/global/org) but no cross-item conflict resolution documented
Augment Code,Coding-agent memory,conflict_resolution,none specified,https://www.augmentcode.com,Context Engine knowledge graph — no explicit conflict resolution mechanism documented
OpenAI Codex (cloud agent),Coding-agent memory,created,"no data — searched not found (Codex cloud agent memory launched circa May 2025; exact date not pinpointed)",https://developers.openai.com/codex/memories,Codex as cloud agent (distinct from legacy code-completion model) launched 2025
OpenAI Codex (cloud agent),Coding-agent memory,funding,"OpenAI $57B+ raised; $300B+ valuation",https://openai.com/,Parent company funding
OpenAI Codex (cloud agent),Coding-agent memory,pricing,"Included in ChatGPT Plus/Pro/Business/Edu/Enterprise plans (memory feature)",https://developers.openai.com/codex/pricing,Codex usage doubled on monthly tier until May 31 2026; memory is included
OpenAI Codex (cloud agent),Coding-agent memory,compliance,"SOC 2 Type II; ISO 27001; HIPAA-eligible; GDPR; CCPA; FERPA",https://openai.com/security-and-privacy/,Inherits OpenAI platform compliance
OpenAI Codex (cloud agent),Coding-agent memory,data_handling,"Enterprise/API: never trains by default; infrastructure encrypted in transit and at rest; strict access controls",https://openai.com/security-and-privacy/,Follows OpenAI standard data handling; not available EEA/UK/Switzerland
OpenAI Codex (cloud agent),Coding-agent memory,deployment,Both (cloud agent via ChatGPT platform + CLI tool local),https://developers.openai.com/codex,Cloud agent (chatgpt.com) + open-source CLI (github.com/openai/codex)
OpenAI Codex (cloud agent),Coding-agent memory,founders,"OpenAI; Sam Altman (CEO), Greg Brockman, Ilya Sutskever, Wojciech Zaremba, John Schulman",https://openai.com/,Corporate product — OpenAI founders
OpenAI Codex (cloud agent),Coding-agent memory,conflict_resolution,none specified,https://developers.openai.com/codex/memories,File-backed memory — no conflict resolution; append/consolidation model
Aider,Coding-agent memory,compliance,"no data — searched not found (OSS tool; no compliance certifications; anonymized opt-in analytics only)",https://aider.chat,Solo-developer OSS project; no enterprise compliance posture
Aider,Coding-agent memory,data_handling,"Local-only; no server-side data retention; opt-in anonymous analytics with no personal info",https://aider.chat,Paul Gauthier founder — explicitly privacy-conscious approach to analytics
Aider,Coding-agent memory,founders,"Paul Gauthier (solo founder; ex-founding CTO Inktomi 1996-2000; ex-Google)",https://www.linkedin.com/in/paulgauthier,Solo founder and maintainer; no company/VC backing
Aider,Coding-agent memory,conflict_resolution,none specified,https://aider.chat,File append model — no conflict resolution; history replay not default
Continue.dev Memory MCP,Coding-agent memory,created,2023-06 (Continue.dev founded); Memory MCP March 2025,https://techcrunch.com/2025/02/26/continue-wants-to-help-developers-create-and-share-custom-ai-coding-assistants/,Continue.dev founded June 2023 (YCS23); official Memory MCP released March 2025
Continue.dev Memory MCP,Coding-agent memory,funding,"$5.6M total raised: $2.1M (YCS23) + $3M SAFE led by Heavybit",https://techcrunch.com/2025/02/26/continue-wants-to-help-developers-create-and-share-custom-ai-coding-assistants/,Investors: Heavybit; Y Combinator; angels including Julien Chaumond (HuggingFace co-founder)
Continue.dev Memory MCP,Coding-agent memory,customers,"no data — searched not found (23k GitHub stars; 11k Discord members; $1.4M revenue June 2024; no named enterprise customers)",https://getlatka.com/companies/continue.dev,OSS-first; primarily individual developers and small teams
Continue.dev Memory MCP,Coding-agent memory,pricing,"Free (OSS core); paid Continue Hub plans for teams (pricing on website)",https://continue.dev/,Open-source IDE extension; commercial hub for sharing configs
Continue.dev Memory MCP,Coding-agent memory,compliance,"no data — searched not found (small startup; no formal certifications published)",https://continue.dev/,YC-backed startup — no published compliance certifications found
Continue.dev Memory MCP,Coding-agent memory,data_handling,"Local-first by default; MCP server deployment determines data handling; no cloud telemetry in core",https://hub.continue.dev/continuedev/memory-mcp,Memory quality and privacy depend on chosen MCP backend
Continue.dev Memory MCP,Coding-agent memory,deployment,"Both (VS Code/JetBrains extension local + optional shared MCP server)",https://docs.continue.dev,Local IDE extension + configurable MCP server (local or hosted)
Continue.dev Memory MCP,Coding-agent memory,hq,"San Francisco, CA, US",https://www.crunchbase.com/organization/continue-273b,Per Crunchbase/Dealroom
Continue.dev Memory MCP,Coding-agent memory,founders,"Ty Dunn (CEO), Nate Sesti (CTO); founded June 2023; YCS23",https://techcrunch.com/2025/02/26/continue-wants-to-help-developers-create-and-share-custom-ai-coding-assistants/,Both founders previously at tech companies; met during YC
Continue.dev Memory MCP,Coding-agent memory,conflict_resolution,none specified,https://hub.continue.dev/continuedev/memory-mcp,KG-backed; no conflict resolution documented
Bolt.new (StackBlitz),Coding-agent memory,funding,"$135M total raised: $7.9M seed (Apr 2022); $22M Series A (Nov 2024); $105.5M Series B (Jan 2025) at ~$700M valuation",https://sacra.com/c/bolt-new/,Series B led by Emergence Capital and GV; Madrona + Conviction + Mantis also participated
Bolt.new (StackBlitz),Coding-agent memory,customers,"no data — searched not found (no named enterprise customers; large developer community; Bolt.new reached $20M ARR in 2 months post-launch)",https://www.todayin-ai.com/p/stackblitz,Consumer/developer focused — no enterprise customer names disclosed
Bolt.new (StackBlitz),Coding-agent memory,compliance,"no data — searched not found (no published SOC2/ISO certifications found for StackBlitz/Bolt.new)",https://bolt.new,Startup-stage company; no formal compliance certifications published
Bolt.new (StackBlitz),Coding-agent memory,data_handling,"no data — searched not found (no public data handling policy specific to Bolt.new memory found)",https://bolt.new,WebContainer runs in browser; project files in StackBlitz cloud storage
Bolt.new (StackBlitz),Coding-agent memory,founders,"Eric Simons (CEO) and Albert Pai (CTO); both Chicago natives who met as teenagers; founded StackBlitz 2017",https://www.thespl.it/p/zero-to-20m-arr-in-two-months-inside,Greylock Partners seed; Series B GV/Emergence
Bolt.new (StackBlitz),Coding-agent memory,conflict_resolution,none specified,https://bolt.new,WebContainer filesystem model — files are the state; no semantic conflict resolution
Tabnine,Coding-agent memory,founders,"Founded as Codota 2013 by Dror Weiss (CEO) and Eran Yahav (CTO; Technion professor); acquired TabNine from Jacob Jackson 2019; rebranded to Tabnine 2021",https://en.wikipedia.org/wiki/Tabnine,"Jacob Jackson created TabNine 2018 at U Waterloo; OpenAI intern. Codota acquired it 2019. Dror Weiss CEO, Eran Yahav CTO"
Tabnine,Coding-agent memory,conflict_resolution,none specified,https://docs.tabnine.com/main/getting-started/context-engine,Context Engine knowledge graph — no conflict resolution mechanism documented
Replit Agent,Coding-agent memory,conflict_resolution,none specified,https://replit.com/products/agent,No semantic memory store — filesystem + agent notes; no conflict resolution
Sweep AI,Coding-agent memory,created,"2023 (GitHub app launched); pivoted to JetBrains plugin 2025",https://www.ycombinator.com/companies/sweep,YC S23 batch; original GitHub app OSS repos (github.com/sweepai/sweep); JetBrains pivot 2025
Sweep AI,Coding-agent memory,pricing,"Free (community); Pro and Team tiers; LLM cost + 5% markup model for agent usage",https://docs.sweep.dev/pricing,No persistent memory tier pricing — memory is implicit in GitHub thread history
Sweep AI,Coding-agent memory,compliance,"no data — searched not found (small YC startup; VPC-based enterprise option mentioned but no certifications published)",https://sweep.dev,CEO William Zeng mentions VPC-based data handling for enterprise
Sweep AI,Coding-agent memory,data_handling,"no data — searched not found (no public data handling policy found; GitHub App model means repo data is read fresh per trigger)",https://sweep.dev,Stateless per trigger — no persistent data retention except in GitHub
Sweep AI,Coding-agent memory,deployment,"Both (GitHub App managed + JetBrains plugin local)",https://sweep.dev,GitHub App (managed) + JetBrains IDE plugin (local)
Sweep AI,Coding-agent memory,founders,"Kevin Lu and William Zeng (co-founders); YC S23; both previously at Roblox as ML engineers",https://e2b.dev/blog/sweep-founders-share-learnings-from-building-an-ai-coding-assistant,Kevin Lu (top UWaterloo CS); William Zeng (youngest sr ML engineer at Roblox; CMU Stats/ML)
Sweep AI,Coding-agent memory,conflict_resolution,none specified,https://sweep.dev,No memory store — GitHub thread is implicit context; no conflict resolution
Perplexity Comet,Browser-agent memory,created,2025-07-09 (limited launch Windows/macOS); 2025-10-02 (public release free worldwide),https://techcrunch.com/2025/10/02/perplexitys-comet-ai-browser-now-free-max-users-get-new-background-assistant/,Android Nov 20 2025; iOS March 18 2026; free for all from October 2 2025
Perplexity Comet,Browser-agent memory,funding,"Perplexity $1.4B+ total raised; $21.2B valuation (Series E-6 early 2026)",https://en.wikipedia.org/wiki/Perplexity_AI,"$500M at $14B (May 2025); additional round at $18-21B (late 2025/early 2026); Comet not separately funded"
Perplexity Comet,Browser-agent memory,customers,"no data — searched not found (millions joined waitlist; no user count for Comet specifically disclosed)",https://www.perplexity.ai/comet,Free for all users as of October 2025; no customer count disclosed
Perplexity Comet,Browser-agent memory,conflict_resolution,none specified,https://www.perplexity.ai/comet,No explicit conflict resolution — append-based browser history memory
Dia (Atlassian),Browser-agent memory,created,2024-12 (announced); 2025-06 (beta); 2025-10 (public macOS launch); acquired by Atlassian Sept 4 2025,https://en.wikipedia.org/wiki/Dia_(web_browser),The Browser Company founded 2019; Dia announced Dec 2024; public macOS Oct 2025; acquisition completed Oct 21 2025
Dia (Atlassian),Browser-agent memory,conflict_resolution,none specified,https://www.diabrowser.com,Append-only local browsing history — no conflict resolution documented
Microsoft Edge Copilot Mode + Journeys,Browser-agent memory,created,2025-07-28 (Copilot Mode announced); 2025-10 (rolled out all Copilot markets),https://blogs.windows.com/msedgedev/2025/07/28/introducing-copilot-mode-in-edge-a-new-way-to-browse-the-web/,Copilot Mode memory for personalization opt-in from April 4 2025; full Journeys mode July 2025
Microsoft Edge Copilot Mode + Journeys,Browser-agent memory,funding,"Microsoft public (MSFT); ~$3T market cap",https://www.microsoft.com/,Corporate product — no separate funding
Microsoft Edge Copilot Mode + Journeys,Browser-agent memory,customers,"no data — searched not found (Edge ~450M+ users globally; Copilot Mode users not disclosed)",https://blogs.windows.com/msedgedev/2025/07/28/introducing-copilot-mode-in-edge-a-new-way-to-browse-the-web/,All Edge users eligible; M365 Copilot work integration rolling May 2026
Microsoft Edge Copilot Mode + Journeys,Browser-agent memory,pricing,"Free with Edge + Microsoft account; M365 Copilot features require M365 subscription",https://www.microsoft.com/en-us/edge/copilot-mode,Copilot Mode itself free with Edge browser
Microsoft Edge Copilot Mode + Journeys,Browser-agent memory,compliance,"SOC 2; ISO 27001; ISO 27018; ISO 27701; ISO 42001; HIPAA (E5 with BAA); FedRAMP High; GDPR-compliant",https://learn.microsoft.com/en-us/microsoft-copilot-studio/admin-certification,Inherits full Microsoft 365 compliance posture
Microsoft Edge Copilot Mode + Journeys,Browser-agent memory,data_handling,"Never trains on customer data (Microsoft policy); opt-out via Azure settings; M365 tenant-scoped",https://learn.microsoft.com/en-us/copilot/microsoft-365/microsoft-365-copilot-privacy,No password/payment data without consent; enforces DLP policies
Microsoft Edge Copilot Mode + Journeys,Browser-agent memory,deployment,Managed-only (Edge browser with Microsoft account),https://blogs.windows.com/msedgedev/2025/07/28/introducing-copilot-mode-in-edge-a-new-way-to-browse-the-web/,No self-hosted option
Microsoft Edge Copilot Mode + Journeys,Browser-agent memory,hq,"Redmond, WA, US",https://www.microsoft.com/,Microsoft HQ
Microsoft Edge Copilot Mode + Journeys,Browser-agent memory,founders,"Microsoft corporate product; Satya Nadella CEO; Edge built on Chromium since 2020",https://www.microsoft.com/,No independent founders — corporate browser
Microsoft Edge Copilot Mode + Journeys,Browser-agent memory,conflict_resolution,none specified,https://blogs.windows.com/msedgedev/2025/07/28/introducing-copilot-mode-in-edge-a-new-way-to-browse-the-web/,Journeys groups sessions — no explicit conflict resolution documented
Fellou,Browser-agent memory,pricing,"Free + paid: $19/mo (basic); $39.90/mo (standard); $199/mo (pro); freemium model",https://coglist.com/review/fellou-ai,Task-based pricing post-launch; current tiers at $19/$39.90/$199
Fellou,Browser-agent memory,compliance,"no data — searched not found (no published compliance certifications for Fellou)",https://fellou.ai/,New entrant — no formal certifications found
Fellou,Browser-agent memory,data_handling,"no data — searched not found (no public data handling policy found for Fellou's Agentic Memory)",https://fellou.ai/,Operates on logged-in accounts — data handling scope not publicly documented
Fellou,Browser-agent memory,deployment,Managed-only (browser app),https://fellou.ai/,Desktop app; no self-hosted option
Fellou,Browser-agent memory,founders,"Yang Xie (co-founder; 2021 Forbes U30 Asia; serial entrepreneur; former ByteDance and Authing CEO)",https://www.globenewswire.com/news-release/2025/08/12/3131385/0/en/Fellou-Announces-Next-Generation-Agentic-AI-Browser-Transforming-the-Future-of-Work.html,LongRiver Investments; global team of LLM and browser experts; other co-founders not named in available sources
Fellou,Browser-agent memory,conflict_resolution,none specified,https://fellou.ai/,Agentic Memory layer — no conflict resolution mechanism documented
Browserbase,Browser-agent memory,data_handling,"Zero Data Retention option (disable logging/session recording via API); choose data center for sovereignty; no AI model training on session data",https://www.browserbase.com/privacy-policy,Per Browserbase privacy policy and enterprise security docs (docs.browserbase.com/guides/security)
Browserbase,Browser-agent memory,conflict_resolution,none specified,https://www.browserbase.com/,Session-based persistence model — no semantic memory conflict resolution
Brave Leo,Browser-agent memory,created,"no data — searched not found (Leo launched in beta late 2023; Android availability announced; exact GA date not confirmed)",https://brave.com/leo/,Leo beta launched 2023; memory feature added iteratively
Brave Leo,Browser-agent memory,funding,"Brave Software $316.6M total raised; $980M valuation (Series A-7 Feb 2022 led by Page One Ventures)",https://sacra.com/c/brave/,Company-level funding — Leo not separately funded
Brave Leo,Browser-agent memory,compliance,"Privacy-first architecture; TEE-based (Intel TDX + Nvidia TEE via Near AI); no formal SOC2/ISO certifications found",https://brave.com/blog/browser-ai-tee/,Brave emphasizes anonymization and unlinkable tokens over traditional compliance certifications
Brave Leo,Browser-agent memory,data_handling,"Conversations not stored or logged after response generated; no IP linkage via anonymization proxy; no data sharing with model creators; user-curated local-only memory",https://brave.com/blog/browser-ai-tee/,Unlinkable premium tokens; Trusted Execution Environments for verifiable privacy
Brave Leo,Browser-agent memory,founders,"Brendan Eich (CEO; creator of JavaScript; co-founder of Mozilla) and Brian Bondy (CTO; ex-Mozilla and Khan Academy); founded 2015",https://brave.com/about/,Brave Software founded 2015; Leo is integrated browser AI feature
Brave Leo,Browser-agent memory,conflict_resolution,none specified,https://brave.com/leo/,User-curated local memory — no automatic conflict resolution
Opera AI (formerly Aria),Browser-agent memory,created,"no data — searched not found (Aria integrated browser AI launched May 2023; memory feature shipped Opera Developer Feb 2025)",https://blogs.opera.com/news/2025/02/aria-gets-memory-feature-new-ai-feature-drop/,Aria launched May 2023; memory specifically shipped Feb 2025 in Opera Developer build
Opera AI (formerly Aria),Browser-agent memory,funding,"Opera public (OPRA on NASDAQ); founded 1995; market cap ~$1.5B",https://investor.opera.com/,Public company — no startup funding rounds
Opera AI (formerly Aria),Browser-agent memory,customers,"~350M global Opera browser users; no memory-feature-specific count disclosed",https://blogs.opera.com/news/2025/02/aria-gets-memory-feature-new-ai-feature-drop/,Opera claims 350M users globally; memory feature is subset
Opera AI (formerly Aria),Browser-agent memory,pricing,"Free (included with Opera browser); Opera One Pro has additional AI credits",https://www.opera.com/,Core browser + Aria AI is free; premium features in Opera One Pro
Opera AI (formerly Aria),Browser-agent memory,compliance,"no data — searched not found for specific certifications; third-party LLM providers (OpenAI/Google) process conversation data anonymously",https://seraphicsecurity.com/learn/ai-browser/opera-ai-formerly-aria-key-features-pros-cons-and-security-concerns/,Third-party model processing may anonymize but not prevent data retention by providers
Opera AI (formerly Aria),Browser-agent memory,data_handling,"Third-party AI model providers process conversation data; may be stored anonymously by partners temporarily; memory stored locally alongside prompt not in LLM",https://seraphicsecurity.com/learn/ai-browser/opera-ai-formerly-aria-key-features-pros-cons-and-security-concerns/,Memory off by default; stored alongside prompt (not in model weights)
Opera AI (formerly Aria),Browser-agent memory,deployment,Managed-only (Opera browser),https://www.opera.com/,No self-hosted option; built into Opera browser
Opera AI (formerly Aria),Browser-agent memory,hq,"Oslo, Norway",https://investor.opera.com/,Founded 1995 in Oslo; NASDAQ-listed (OPRA)
Opera AI (formerly Aria),Browser-agent memory,founders,"Founded 1995 by Jon Stephenson von Tetzchner (also founded Vivaldi) and Geir Ivarsøy; current CEO Yahya Bharmal (since 2023)",https://en.wikipedia.org/wiki/Opera_(web_browser),Current product leadership separate from original founders
Opera AI (formerly Aria),Browser-agent memory,conflict_resolution,none specified,https://blogs.opera.com/news/2025/02/aria-gets-memory-feature-new-ai-feature-drop/,User-declared overwrite model — no conflict resolution
Sigma (Private AI Browser),Browser-agent memory,created,"no data — searched not found (SigmaOS founded 2021 YC; Sigma Eclipse/private AI browser launched 2024-2025)",https://www.newswire.com/news/sigma-launches-the-first-private-ai-browser-with-cloudless-llm-22695605,SigmaOS (now Sigma) YC batch W21; local LLM browser relaunch circa 2024
Sigma (Private AI Browser),Browser-agent memory,funding,"$4.1M total raised: $4M seed (Nov 2022 led by LocalGlobe + YC); additional ~$0.1M angels",https://techcrunch.com/2022/11/16/sigmaos-raises-4-million-to-build-a-browser-for-productivity-nerds/,YC W21; LocalGlobe led seed; 7percent Ventures + Moonfire + Shine VC participated
Sigma (Private AI Browser),Browser-agent memory,customers,"no data — searched not found (50k+ users early 2026; named customers not disclosed)",https://www.sigmabrowser.com/,50k+ users; 33% MoM growth claimed; no named enterprise customers
Sigma (Private AI Browser),Browser-agent memory,pricing,"no data — searched not found (no explicit pricing page found for Sigma browser in May 2026)",https://www.sigmabrowser.com/,Free during early access; pricing model unclear
Sigma (Private AI Browser),Browser-agent memory,compliance,"no data — searched not found (no formal compliance certifications published for Sigma)",https://www.sigmabrowser.com/,Local-only architecture as primary privacy mechanism — no published SOC2/ISO
Sigma (Private AI Browser),Browser-agent memory,data_handling,"Fully on-device; no cloud processing; no telemetry; memory-based actions stay local; functions fully offline",https://www.sigmabrowser.com/,Local LLM (Eclipse model) — zero cloud data handling by design
Sigma (Private AI Browser),Browser-agent memory,deployment,Managed-only (browser app install),https://www.sigmabrowser.com/,Desktop app — no server infrastructure option
Sigma (Private AI Browser),Browser-agent memory,hq,"San Francisco, CA, US",https://startupintros.com/orgs/sigmaos,Per SigmaOS/Sigma company profile
Sigma (Private AI Browser),Browser-agent memory,founders,"Nick Trenkler (co-founder); Alex Shapiro (CSO); Mahyad Ghassemi (founding CEO mentioned in YC/TechCrunch 2022)",https://techcrunch.com/2024/03/26/yc-backed-sigmaos-browser-turns-to-ai-powered-features-for-monetization/,YC W21 batch
Sigma (Private AI Browser),Browser-agent memory,conflict_resolution,none specified,https://www.sigmabrowser.com/,Local append-based memory — no conflict resolution documented
