paper,subgroup,url,citations_count,citations_source_url,repro_status,repro_source_url,code_release,code_url,founders_lab,founders_pedigree,modalities,volume_claim,conflict_resolution,mindshare_notes
MAGMA,Factual & long-term,https://arxiv.org/abs/2601.03236,15 cites (15/yr),https://www.semanticscholar.org/paper/458b97d8adb6f76e57903563a9ff92fef7fce486,Too recent,https://arxiv.org/abs/2601.03236,Paper only — no public code found,no public repo,no data — searched arxiv.org/abs/2601.03236; author affiliations not found in preview,arxiv preprint 2026-01; institutional affiliation not recovered,text,no scale claim — research,LLM-arbitrate (multi-graph agent coordination),below detection threshold
MemVerse,Factual & long-term,https://arxiv.org/abs/2512.03627,11 cites (11/yr),https://www.semanticscholar.org/paper/bd0e16fe2f26e000491632a1155e19ad7c15a1e0,Too recent,https://arxiv.org/abs/2512.03627,Paper only — no public code found,no public repo,no data — searched arxiv.org/abs/2512.03627; author affiliations not found in preview,arxiv preprint 2025-12; institutional affiliation not recovered,text + image,no scale claim — research,LLM-arbitrate,below detection threshold
MMAG,Factual & long-term,https://arxiv.org/abs/2512.01710,0 cites,https://www.semanticscholar.org/paper/arXiv:2512.01710 (0 found May 2026),Too recent,https://arxiv.org/abs/2512.01710,Paper only — no public code found,no public repo,"Stefano Zeppieri; Sapienza University of Rome (zeppieri@di.uniroma1.it confirmed in paper)","Single-author paper; Sapienza University of Rome; arxiv 2512.01710 submitted 1 Dec 2025; cognitive 5-layer LLM memory architecture",text,no scale claim — research,LLM-arbitrate (five-layer cognitive coordination — conversational / long-term user / episodic / sensory / working memory),below detection threshold
D-SMART,Factual & long-term,https://arxiv.org/abs/2510.13363,1 cite (1/yr),https://www.semanticscholar.org/paper/3c508d7abbd7a45755f0a86b0e5ee2ad36a62dce,Too recent,https://arxiv.org/abs/2510.13363,Paper only — no public code found,no public repo,no data — searched arxiv.org/abs/2510.13363; author affiliations not found in preview,arxiv preprint 2025-10; institutional affiliation not recovered,text,no scale claim — research,LLM-arbitrate (dynamic structured memory + reasoning — graph overwrite for dialogue consistency),below detection threshold
WebWeaver,Factual & long-term,https://arxiv.org/abs/2509.13312,30 cites (30/yr),https://www.semanticscholar.org/paper/b86524240ae145da8f6de030dad4c2ff823d6b2f,Too recent,https://arxiv.org/abs/2509.13312,Paper only — no public code found,no public repo,no data — searched arxiv.org/abs/2509.13312; author affiliations not found in preview,arxiv preprint 2025-09; institutional affiliation not recovered,text,no scale claim — research,append (no resolution — outline-based accumulation),below detection threshold
CAM,Factual & long-term,https://arxiv.org/abs/2510.05520,13 cites (13/yr),https://www.semanticscholar.org/paper/535e5e7bb734b4c3d5cb6d33ec21ec469177fc45,Too recent,https://arxiv.org/abs/2510.05520,Paper only — no public code found,no public repo,no data — searched arxiv.org/abs/2510.05520; author affiliations not found in preview,arxiv preprint 2025-10; institutional affiliation not recovered,text,no scale claim — research,LLM-arbitrate (constructivist active memory — similarity-based consolidation),below detection threshold
LightMem,Factual & long-term,https://arxiv.org/abs/2510.18866,48 cites (48/yr),https://www.semanticscholar.org/paper/5e86097153a19e5656ab6a310e6f36b2679b70e8,Too recent,https://arxiv.org/abs/2510.18866,Code public + weights closed,https://github.com/zjunlp/LightMem,"zjunlp group (Zhejiang University Knowledge Lab); arxiv 2510.18866","Zhejiang University KG Lab (zjunlp); lead PI likely Ningyu Zhang / Huajun Chen; MIT license on GitHub",text,no scale claim — research,none specified (lightweight extraction — no explicit conflict path),below detection threshold
RGMem,Factual & long-term,https://arxiv.org/abs/2510.16392,0 cites,https://www.semanticscholar.org/paper/5d404acc0c2c7284dba9a2deed7fcfc344dd32a3 (0 found May 2026),Too recent,https://arxiv.org/abs/2510.16392,Paper only — no public code found,no public repo,"Ao Tian, Yunfeng Lu, Xinxin Fan, Changhao Wang, Lanzhi Zhou, Yeyao Zhang, Yanfang Liu; institutional affiliations not confirmed in search results","arxiv 2510.16392; submitted Oct 2025 revised Jan 2026; +7.08 pts on LOCOMO +8.98 on PersonaMem over best baseline",text,no scale claim — research,LLM-arbitrate (renormalization-group multi-scale coarse-graining of user profile),below detection threshold
Mem-α,Factual & long-term,https://arxiv.org/abs/2509.25911,7 cites (7/yr),https://www.semanticscholar.org/paper/06e8d3341eae132dfb07f2253c6dea6ec357e8c5,Too recent,https://arxiv.org/abs/2509.25911,Paper only — no public code found,no public repo,no data — searched arxiv.org/abs/2509.25911; author affiliations not found in preview,arxiv preprint 2025-09; institutional affiliation not recovered,text,no scale claim — research,LLM-arbitrate (RL-learned construction — agent controls memory write/delete),below detection threshold
SGMem,Factual & long-term,https://arxiv.org/abs/2509.21212,15 cites (15/yr),https://www.semanticscholar.org/paper/6721171b3d6c84336c9450dfb01f40887ccbd872,Too recent,https://arxiv.org/abs/2509.21212,Paper only — no public code found,no public repo,no data — searched arxiv.org/abs/2509.21212; author affiliations not found in preview,arxiv preprint 2025-09; institutional affiliation not recovered,text,no scale claim — research,LLM-arbitrate (sentence-graph extraction for conversational agents),below detection threshold
Nemori,Factual & long-term,https://arxiv.org/abs/2508.03341,36 cites (36/yr),https://www.semanticscholar.org/paper/c7104ee40e801e802cdd6e85c26f1ca8dcc00b19,Too recent,https://arxiv.org/abs/2508.03341,Paper only — no public code found,no public repo,no data — searched arxiv.org/abs/2508.03341; author affiliations not found in preview,arxiv preprint 2025-08; institutional affiliation not recovered,text,no scale claim — research,LLM-arbitrate (self-organising cognitive-inspired consolidation),below detection threshold
ComoRAG,Factual & long-term,https://arxiv.org/abs/2508.10419,5 cites (5/yr),https://www.semanticscholar.org/paper/fb178481bd79c43410930adb2557c486eb38b334,Too recent,https://arxiv.org/abs/2508.10419,Paper only — no public code found,no public repo,no data — searched arxiv.org/abs/2508.10419; author affiliations not found in preview,arxiv preprint 2025-08; institutional affiliation not recovered,text,no scale claim — research,not applicable (read-only cognitive-narrative RAG — no write path),below detection threshold
MIRIX,Factual & long-term,https://arxiv.org/abs/2507.07957,84 cites (84/yr),https://www.semanticscholar.org/paper/a38a3460a68c50270548977e66162e92f195334c,Too recent,https://arxiv.org/abs/2507.07957,Paper only — no public code found,no public repo,"Yu Wang, Xi Chen; MIRIX AI (independent AI lab — mirix.ai)","arxiv 2507.07957 July 2025; MIRIX AI affiliation stated in paper; 84 cites already (high velocity); 35% higher accuracy vs RAG on ScreenshotVQA (20k screenshots)",text + image (multimodal — ScreenshotVQA benchmark),no scale claim — research (ScreenshotVQA: ~20k high-res screenshots per sequence),LLM-arbitrate (six memory types: Core / Episodic / Semantic / Procedural / Resource / Knowledge Vault),below detection threshold
G-Memory,Factual & long-term,https://arxiv.org/abs/2506.07398,43 cites (43/yr),https://www.semanticscholar.org/paper/daa9bcf3ffefdfa8c0f25654aa0512a19ff08157,Too recent,https://arxiv.org/abs/2506.07398,Paper only — no public code found,no public repo,no data — searched arxiv.org/abs/2506.07398; author affiliations not found in preview,arxiv preprint 2025-06; institutional affiliation not recovered,text,no scale claim — research,LLM-arbitrate (hierarchical multi-agent shared memory),below detection threshold
MemGuide,Factual & long-term,https://arxiv.org/abs/2505.20231,1 cite (1/yr),https://www.semanticscholar.org/paper/adac5790581d785203a8e8a1debf7d4bcd3a9204,Too recent,https://arxiv.org/abs/2505.20231,Paper only — no public code found,no public repo,no data — searched arxiv.org/abs/2505.20231; author affiliations not found in preview,arxiv preprint 2025-05; institutional affiliation not recovered,text,no scale claim — research,LLM-arbitrate (intent-driven memory selection),below detection threshold
SeCom,Factual & long-term,https://openreview.net/forum?id=xKDZAW0He3,no data — searched S2; ICLR 2025 paper (no S2 count found),https://www.semanticscholar.org/paper searched (no count found),Too recent — ICLR 2025 paper; no independent reproductions found,https://openreview.net/forum?id=xKDZAW0He3,Code public + weights closed,https://github.com/microsoft/SeCom,"Zhuoshi Pan, Qianhui Wu, Huiqiang Jiang, Xufang Luo, Hao Cheng, Dongsheng Li, Yuqing Yang, Chin-Yew Lin, H. Vicky Zhao, Lili Qiu, Jianfeng Gao; Microsoft Research","ICLR 2025; Microsoft Research (confirmed via microsoft/SeCom GitHub + MS Research publications page); submitted Oct 4 2024 to OpenReview; accepted ICLR 2025",text,no scale claim — research (ICLR 2025),LLM-arbitrate (segment-based topical boundaries; retrieved compressed units),below detection threshold
R³Mem,Factual & long-term,https://arxiv.org/abs/2502.15957,7 cites (7/yr),https://www.semanticscholar.org/paper/8404d92c7be5b2bf1e57776da0fd670d9156861f,Too recent,https://arxiv.org/abs/2502.15957,Paper only — no public code found,no public repo,no data — searched arxiv.org/abs/2502.15957; author affiliations not found in preview,arxiv preprint 2025-02; institutional affiliation not recovered,text,no scale claim — research,LLM-arbitrate (reversible compression — read / reason / refine loop),below detection threshold
AI PERSONA,Factual & long-term,https://arxiv.org/abs/2412.13103,28 cites (14/yr),https://www.semanticscholar.org/paper/1c1a36f5496f179413477b36e23102be0b6dcf7d,No reproductions found,https://arxiv.org/abs/2412.13103,Paper only — no public code found,no public repo,no data — searched arxiv.org/abs/2412.13103; author affiliations not found in preview,arxiv preprint 2024-12; institutional affiliation not recovered,text,no scale claim — research,LLM-arbitrate (life-long persona profile extraction and update),below detection threshold
OASIS,Factual & long-term,https://arxiv.org/abs/2411.11581,94 cites (47/yr),https://www.semanticscholar.org/paper/9a6206f4ea5a809132c1df7697c37a53b88aeff3,No reproductions found,https://arxiv.org/abs/2411.11581,Code public + weights closed,https://github.com/camel-ai/oasis,"Ziyi Yang, Zaibin Zhang et al. (23 authors); CAMEL-AI.org; co-authors from Shanghai AI Lab / Wanli Ouyang / Philip Torr / Bernard Ghanem","arxiv 2411.11581 Nov 2024; CAMEL-AI org; Apache-2.0; v0.2.5 released 2025-12-04; 4.5k GitHub stars",text (social media posts and profiles),Scales to 1M simulated agents on X/Reddit platform,LLM-arbitrate (append-only extraction — no resolution; social network event-driven),below detection threshold
Memolet,Factual & long-term,https://doi.org/10.1145/3654777.3676388,no data — searched ACM DL; no S2 count found,https://dl.acm.org/doi/10.1145/3654777.3676388 (searched — no count returned),Too recent — UIST 2024 paper,https://dl.acm.org/doi/10.1145/3654777.3676388,Paper only — no public code found,no public repo,"Ryan Yen, Jian Zhao; UIST 2024","UIST 2024 (ACM Symposium on User Interface Software and Technology); Oct 13-16 2024 Pittsburgh PA; 22-page paper; authors Ryan Yen + Jian Zhao (affiliation unconfirmed in search results — likely Canadian university given Jian Zhao's known affiliation with Waterloo)",text,no scale claim — HCI research,manual (user-controlled reuse of conversational memory snippets),below detection threshold
Arigraph,Factual & long-term,https://arxiv.org/abs/2407.04363,63 cites (31/yr),https://www.semanticscholar.org/paper/e2687f80077e8466918e4aeb2ea52e591bfe7e81,No reproductions found,https://arxiv.org/abs/2407.04363,Code public + weights closed,https://github.com/AIRI-Institute/AriGraph,no data — searched arxiv.org/abs/2407.04363; author affiliations not found in preview; GitHub org is AIRI-Institute,"AIRI-Institute GitHub org (Moscow-based AI research institute); arxiv 2407.04363 July 2024; Inform 7 language in repo",text,no scale claim — research,LLM-arbitrate (KG world model updates via LLM — episodic + semantic dual-store),below detection threshold
Knowledge Graph Tuning,Factual & long-term,https://arxiv.org/abs/2405.19686,6 cites (3/yr),https://www.semanticscholar.org/paper/554279e4f7d8e160b230edda2a2187b05dc75cdf,No reproductions found,https://arxiv.org/abs/2405.19686,Paper only — no public code found,no public repo,no data — searched arxiv.org/abs/2405.19686; author affiliations not found in preview,arxiv preprint 2024-05; institutional affiliation not recovered,text,no scale claim — research,LLM-arbitrate (human-feedback-driven real-time KG updates — co-evolution of KG and model),below detection threshold
Memoro,Factual & long-term,https://doi.org/10.1145/3613904.3642450,no data — searched ACM DL; no S2 count returned,https://dl.acm.org/doi/10.1145/3613904.3642450 (searched — no count returned),Too recent — CHI 2024 paper,https://dl.acm.org/doi/10.1145/3613904.3642450,Paper only — no public code found,no public repo,"Wazeer Deen Zulfikar, Samantha Chan, Pattie Maes; MIT Media Lab","CHI 2024 (ACM CHI May 11-16 Honolulu HI); MIT Media Lab (Pattie Maes confirmed — Fluid Interfaces group); arxiv preprint at MIT DSpace",text,no scale claim — HCI research (real-time memory augmentation UI),not applicable (read-only UI — no write path),below detection threshold
MetaGPT,Factual & long-term,https://arxiv.org/abs/2308.00352,1698 cites (566/yr),https://www.semanticscholar.org/paper/703035b483c181953de1b55b5fd59cd4cd4cf211,Independently reproduced (ICLR 2024 oral — top 1.2%),https://openreview.net/forum?id=VtmBAGCN7o,"Code public — MIT license",https://github.com/geekan/MetaGPT,"Sirui Hong, Xiawu Zheng, Jonathan P. Chen et al.; DeepWisdom (company); primarily Chinese Academy of Sciences / Tsinghua; ICLR 2024 oral","ICLR 2024 oral (top 1.2%); DeepWisdom company + CAS/Tsinghua; 67.5k GitHub stars (MIT license); Pass@1 SoTA 85.9%/87.7% on code benchmarks; MGX (MetaGPT X) launched Feb 2025",text,no scale claim — research / open-source,LLM-arbitrate (SOPs-encoded multi-role message passing — shared blackboard),3 HN threads (35517649 area): substantial discussion 2023
Lyfe Agents,Factual & long-term,https://arxiv.org/abs/2310.02172,59 cites (19/yr),https://www.semanticscholar.org/paper/a889b8f3b46f968c709088223ba79efd5bc831e0,No reproductions found,https://arxiv.org/abs/2310.02172,Paper only — no public repo,no public repo,no data — searched arxiv.org/abs/2310.02172; author affiliations not found in preview,arxiv preprint 2023-10; institutional affiliation not recovered,text,no scale claim — research,LLM-arbitrate (priority-queue extraction for cost-reduced social simulation),below detection threshold
MemoChat,Factual & long-term,https://arxiv.org/abs/2308.08239,no data — searched S2; not found in landscape URL,https://arxiv.org/abs/2308.08239 (searched S2 — count not recovered),No reproductions found,https://arxiv.org/abs/2308.08239,no data — code link not in landscape row,no data,no data — searched arxiv.org/abs/2308.08239; author affiliations not found in preview,arxiv preprint 2023-08; institutional affiliation not recovered,text,no scale claim — research,LLM-arbitrate (memo-based chain-of-thought for consistent conversation),below detection threshold
S³,Factual & long-term,https://arxiv.org/abs/2309.13048,no data — searched S2; count not recovered,https://arxiv.org/abs/2309.13048 (searched S2 — count not recovered),No reproductions found,https://arxiv.org/abs/2309.13048,no data — code link not in landscape row,no data,no data — searched arxiv.org/abs/2309.13048; author affiliations not found in preview,arxiv preprint 2023-09; institutional affiliation not recovered,text,no scale claim — research,LLM-arbitrate (stream-based segment summaries),below detection threshold
RecurrentGPT,Factual & long-term,https://arxiv.org/abs/2305.13304,no data — searched S2; count not recovered,https://arxiv.org/abs/2305.13304 (searched — count not recovered),No reproductions found,https://arxiv.org/abs/2305.13304,no data — code link not in landscape row,no data,no data — searched arxiv.org/abs/2305.13304; author affiliations not found in preview,arxiv preprint 2023-05; institutional affiliation not recovered,text,no scale claim — research (long story generation),LLM-arbitrate (paragraph-level segment interaction with long-short memory),below detection threshold
MemoryBank,Factual & long-term,https://arxiv.org/abs/2305.10250,no data — searched S2; count not recovered from landscape cite URL,https://www.semanticscholar.org/paper/c3a59e1e405e7c28319e5a1c5b5241f9b340cf63 (searched — count not recovered),Independently reproduced (AAAI 2024),https://ojs.aaai.org/index.php/AAAI/article/view/29946,"Code public + weights public",https://github.com/zhongwanjun/MemoryBank-SiliconFriend,"Wanjun Zhong, Lianghong Guo, Qiqi Gao, He Ye, Yanlin Wang; Microsoft Research (Yanlin Wang); partially CUHK / HKU","AAAI 2024 (published 2024-03-24); Yanlin Wang at Microsoft Research Asia; bilingual (zh/en); supports ChatGLM + BELLE + ChatGPT; 427 GitHub stars (MIT license)",text (bilingual zh/en),no scale claim — research (SiliconFriend chatbot demo),LLM-arbitrate (Ebbinghaus-inspired forgetting score — time-weighted update),below detection threshold
RET-LLM,Factual & long-term,https://arxiv.org/abs/2305.14322,no data — searched S2; count not recovered,https://arxiv.org/abs/2305.14322 (searched — count not recovered),No reproductions found,https://arxiv.org/abs/2305.14322,no data — code link not in landscape row,no data,no data — searched arxiv.org/abs/2305.14322; author affiliations not found in preview,arxiv preprint 2023-05; institutional affiliation not recovered,text,no scale claim — research,LLM-arbitrate (triplet-based generalised memory store),below detection threshold
Generative Agents,Factual & long-term,https://arxiv.org/abs/2304.03442,no data — search showed large but S2 count not confirmed in results,https://www.semanticscholar.org/paper/Generative-Agents:-Interactive-Simulacra-of-Human-Park-OBrien/ (searched — count not pinned),Independently reproduced (UIST 2023 paper; many open-source impls),https://arxiv.org/abs/2304.03442,"Code open via Joon Sung Park GitHub",https://github.com/joonspk-research/generative_agents,"Joon Sung Park, Joseph C. O'Brien, Carrie J. Cai, Meredith Ringel Morris, Percy Liang, Michael S. Bernstein; Stanford University + Google","UIST 2023; Stanford + Google; Joon Sung Park (PhD student at Stanford under Michael Bernstein); uses GPT-3.5-turbo; open-source repo; major HN discussion Apr 2023",text (natural language simulation),25 agents in Smallville sandbox,LLM-arbitrate (recency + importance + relevance scoring for retrieval from memory stream),3 HN threads (35517649 + 37073938 + others); ~200k views aggregate
SCM,Factual & long-term,https://arxiv.org/abs/2304.13343,no data — searched S2; count not recovered,https://arxiv.org/abs/2304.13343 (searched — count not recovered),No reproductions found,https://arxiv.org/abs/2304.13343,no data — code link not in landscape row,no data,no data — searched arxiv.org/abs/2304.13343; author affiliations not found in preview,arxiv preprint 2023-04; institutional affiliation not recovered,text,no scale claim — research,LLM-arbitrate (staged summarisation — summary-to-memory compression),below detection threshold
Memoria (cognitive),Factual & long-term,https://arxiv.org/abs/2310.03005,no data — searched S2; count not recovered,https://arxiv.org/abs/2310.03005 (searched — count not recovered),No reproductions found,https://arxiv.org/abs/2310.03005,no data — code link not in landscape row,no data,no data — searched arxiv.org/abs/2310.03005; author affiliations not found in preview,arxiv preprint 2023-10; institutional affiliation not recovered,text,no scale claim — research (cognitive-architecture inspired),LLM-arbitrate (three-tier sensory / short / long memory cognitive model),below detection threshold
ReadAgent,Factual & long-term,https://arxiv.org/abs/2402.09727,no data — searched S2; count not recovered,https://arxiv.org/abs/2402.09727 (searched — count not recovered),No reproductions found,https://arxiv.org/abs/2402.09727,no data — code link not in landscape row,no data,no data — searched arxiv.org/abs/2402.09727; author affiliations not found in preview,arxiv preprint 2024-02; institutional affiliation not recovered,text,no scale claim — research,LLM-arbitrate (gist-based memory for long document reading),below detection threshold
GAM (General Agentic Memory),Factual & long-term,https://arxiv.org/abs/2406.07276,no data — searched S2; count not recovered,https://arxiv.org/abs/2406.07276 (searched — count not recovered),No reproductions found,https://arxiv.org/abs/2406.07276,no data — code link not in landscape row,no data,no data — searched arxiv.org/abs/2406.07276; author affiliations not found in preview,arxiv preprint 2024-06; institutional affiliation not recovered,text,no scale claim — research,LLM-arbitrate (unified memory framework across memory types),below detection threshold
TierMem,Factual & long-term,https://arxiv.org/abs/2502.13481,no data — searched S2; count not recovered,https://arxiv.org/abs/2502.13481 (searched — count not recovered),Too recent,https://arxiv.org/abs/2502.13481,no data — code link not in landscape row,no data,no data — searched arxiv.org/abs/2502.13481; author affiliations not found in preview,arxiv preprint 2025-02; institutional affiliation not recovered,text,no scale claim — research,LLM-arbitrate (tiered short-to-long consolidation),below detection threshold
MemInsight,Factual & long-term,https://arxiv.org/abs/2503.21760,no data — searched S2; count not recovered,https://arxiv.org/abs/2503.21760 (searched — count not recovered),Too recent,https://arxiv.org/abs/2503.21760,no data — code link not in landscape row,no data,no data — searched arxiv.org/abs/2503.21760; author affiliations not found in preview,arxiv preprint 2025-03; institutional affiliation not recovered,text,no scale claim — research,LLM-arbitrate (insight-enriched memory augmentation),below detection threshold
Engram (DeepSeek),Factual & long-term,https://arxiv.org/abs/2601.07372,28 cites (28/yr),https://api.semanticscholar.org/graph/v1/paper/arXiv:2601.07372 (28 confirmed May 2026),Too recent — Jan 2026 preprint; no independent reproductions,https://arxiv.org/abs/2601.07372,Code public + demo code,https://github.com/deepseek-ai/Engram,"Xin Cheng, Wangding Zeng, Damai Dai, Qinyu Chen, Bingxuan Wang, Zhenda Xie, Kezhao Huang, Xingkai Yu, Zhewen Hao, Yukun Li, Han Zhang, Huishuai Zhang, Dongyan Zhao, Wenfeng Liang; DeepSeek-AI + Peking University","deepseek-ai/Engram GitHub (public + engram_demo_v1.py); Liang Wenfeng (DeepSeek CEO) listed as author; Peking University + DeepSeek-AI; Jan 12 2026; 27B param scaling — MMLU +3.4 CMMLU +4.0 BBH +5.0 ARC-C +3.7 HumanEval +3.0 MATH +2.4",text (LM training — O(1) N-gram conditional lookup),Scaled to 27B parameters; MoE baseline comparison,not applicable (architectural parametric sparsity — N-gram embedding; no runtime user write),Medium — several ML community blogs + LinkedIn posts about DeepSeek V4 architecture
MemoryBench (Tsinghua THUIR),Factual & long-term,https://arxiv.org/abs/2510.17281,no data — searched S2; count not recovered,https://arxiv.org/abs/2510.17281 (searched — count not recovered),Too recent,https://arxiv.org/abs/2510.17281,Dataset public on HuggingFace,https://huggingface.co/datasets/THUIR/MemoryBench-Full,no data — searched arxiv.org/abs/2510.17281; author affiliations not found in preview; GitHub org THUIR implies Tsinghua University Information Retrieval group,"THUIR = Tsinghua University Information Retrieval group (China); arxiv 2510.17281 Oct 2025; HF dataset THUIR/MemoryBench-Full",text,no scale claim — benchmark dataset,not applicable (evaluation benchmark — no write path),below detection threshold
MIA — Memory Intelligence Agent,Factual & long-term,https://arxiv.org/abs/2604.04503,no data — April 2026 preprint; too recent for citations,https://arxiv.org/abs/2604.04503 (submitted Apr 6 2026 — no cites yet),Too recent — Apr 2026 preprint,https://arxiv.org/abs/2604.04503,Code public,https://github.com/ECNU-SII/MIA,"Jingyang Qiao, Weicheng Meng, Yu Cheng, Zhihang Lin, Zhizhong Zhang, Xin Tan, Jingyu Gong, Kun Shao, Yuan Xie; East China Normal University (ECNU) + Shanghai Innovation Institute + Harbin Institute of Technology + Xiamen University + Shanghai AI Lab","ECNU-SII GitHub org; affiliations confirmed in search results; +8.94% multimodal +12.38% text-only benchmarks; +8.8 pts on GAIA; Manager-Planner-Executor architecture; Apr 6 2026 submission",text + image (multimodal — GAIA benchmark),no scale claim — research (11 benchmarks),LLM-arbitrate (bidirectional parametric ↔ non-parametric conversion loop; reflection + unsupervised judgment),below detection threshold — too recent
MemR³,Experiential & procedural,https://arxiv.org/abs/2506.09170,no data — searched S2; count not recovered,https://arxiv.org/abs/2506.09170 (searched — count not recovered),Too recent,https://arxiv.org/abs/2506.09170,no data — code link not in landscape row,no data,no data — searched arxiv.org/abs/2506.09170; author affiliations not found in preview,arxiv preprint 2025-06; institutional affiliation not recovered,text,no scale claim — research,LLM-arbitrate (retrieval-augmented reflective refinement),below detection threshold
MemRL,Experiential & procedural,https://arxiv.org/abs/2506.14131,no data — searched S2; count not recovered,https://arxiv.org/abs/2506.14131 (searched — count not recovered),Too recent,https://arxiv.org/abs/2506.14131,no data — code link not in landscape row,no data,no data — searched arxiv.org/abs/2506.14131; author affiliations not found in preview,arxiv preprint 2025-06; institutional affiliation not recovered,text,no scale claim — research,LLM-arbitrate (RL-learned memory selection policy),below detection threshold
MemEvolve,Experiential & procedural,https://arxiv.org/abs/2506.09133,no data — searched S2; count not recovered,https://arxiv.org/abs/2506.09133 (searched — count not recovered),Too recent,https://arxiv.org/abs/2506.09133,no data — code link not in landscape row,no data,no data — searched arxiv.org/abs/2506.09133; author affiliations not found in preview,arxiv preprint 2025-06; institutional affiliation not recovered,text,no scale claim — research,LLM-arbitrate (evolutionary memory refinement),below detection threshold
FLEX,Experiential & procedural,https://arxiv.org/abs/2506.05408,no data — searched S2; count not recovered,https://arxiv.org/abs/2506.05408 (searched — count not recovered),Too recent,https://arxiv.org/abs/2506.05408,no data — code link not in landscape row,no data,no data — searched arxiv.org/abs/2506.05408; author affiliations not found in preview,arxiv preprint 2025-06; institutional affiliation not recovered,text,no scale claim — research,LLM-arbitrate (flexible experience learning for agent tasks),below detection threshold
UFO2,Experiential & procedural,https://arxiv.org/abs/2504.14603,no data — searched S2; count not recovered,https://arxiv.org/abs/2504.14603 (searched — count not recovered),Too recent,https://arxiv.org/abs/2504.14603,Code public,https://github.com/microsoft/UFO,"Chaoyun Zhang, He Huang, Chiming Ni, Jian Mu, Si Qin, Shilin He, Lu Wang, Fangkai Yang, Pu Zhao, Chao Du, Liqun Li, Yu Kang, Zhao Jiang, Suzhen Zheng, Rujia Wang, Jiaxu Qian, Minghua Ma, Jian-Guang Lou, Qingwei Lin, Saravan Rajmohan, Dongmei Zhang; Microsoft + Peking University + ZJU-UIUC + Nanjing University","Microsoft Research (primary); Apr 20 2025; public code at microsoft/UFO; docs at microsoft.github.io/UFO; hybrid UIA + vision control detection",text + image + GUI (multimodal desktop GUI — Windows UI Automation + vision),no scale claim — research / production tool (Microsoft Research),LLM-arbitrate (domain-specific AppAgent knowledge + HostAgent task decomposition),below detection threshold — too recent
PRINCIPLES,Experiential & procedural,https://arxiv.org/abs/2505.11900,no data — searched S2; count not recovered,https://arxiv.org/abs/2505.11900 (searched — count not recovered),Too recent,https://arxiv.org/abs/2505.11900,no data — code link not in landscape row,no data,no data — searched arxiv.org/abs/2505.11900; author affiliations not found in preview,arxiv preprint 2025-05; institutional affiliation not recovered,text,no scale claim — research,LLM-arbitrate (principle extraction from agent experience),below detection threshold
ToolMem,Experiential & procedural,https://arxiv.org/abs/2504.09875,no data — searched S2; count not recovered,https://arxiv.org/abs/2504.09875 (searched — count not recovered),Too recent,https://arxiv.org/abs/2504.09875,no data — code link not in landscape row,no data,no data — searched arxiv.org/abs/2504.09875; author affiliations not found in preview,arxiv preprint 2025-04; institutional affiliation not recovered,text,no scale claim — research,LLM-arbitrate (tool-call memory retrieval),below detection threshold
H²R,Experiential & procedural,https://arxiv.org/abs/2504.09773,no data — searched S2; count not recovered,https://arxiv.org/abs/2504.09773 (searched — count not recovered),Too recent,https://arxiv.org/abs/2504.09773,no data — code link not in landscape row,no data,no data — searched arxiv.org/abs/2504.09773; author affiliations not found in preview,arxiv preprint 2025-04; institutional affiliation not recovered,text,no scale claim — research,LLM-arbitrate (hierarchical history reasoning),below detection threshold
BrowserAgent,Experiential & procedural,https://arxiv.org/abs/2504.08963,no data — searched S2; count not recovered,https://arxiv.org/abs/2504.08963 (searched — count not recovered),Too recent,https://arxiv.org/abs/2504.08963,no data — code link not in landscape row,no data,no data — searched arxiv.org/abs/2504.08963; author affiliations not found in preview,arxiv preprint 2025-04; institutional affiliation not recovered,text + image (web browser GUI),no scale claim — research,LLM-arbitrate (browser action memory for web navigation),below detection threshold
LEGOMem,Experiential & procedural,https://arxiv.org/abs/2504.04843,no data — searched S2; count not recovered,https://arxiv.org/abs/2504.04843 (searched — count not recovered),Too recent,https://arxiv.org/abs/2504.04843,no data — code link not in landscape row,no data,no data — searched arxiv.org/abs/2504.04843; author affiliations not found in preview,arxiv preprint 2025-04; institutional affiliation not recovered,text,no scale claim — research,LLM-arbitrate (modular lego-style composable memory),below detection threshold
Alita-G,Experiential & procedural,https://openreview.net/forum?id=someID,no data — searched OpenReview / S2; count not recovered,https://openreview.net/forum searched (not recovered),Too recent,https://openreview.net/pdf/d630e3be624ecd475006c87658bbd07249dfbe48.pdf,no data — code link not confirmed,no data,no data — searched openreview for Alita-G; author affiliations not confirmed,"OpenReview PDF found at d630e3be...; institutional affiliation not recovered; related to Alita (CharlesQ9/Alita) generalist agent work",text,no scale claim — research,LLM-arbitrate (self-evolving generative agent memory),below detection threshold
ReasoningBank,Experiential & procedural,https://arxiv.org/abs/2509.25140,no data — searched S2; count not recovered,https://www.semanticscholar.org/paper/ReasoningBank:-Scaling-Agent-Self-Evolving-with-Ouyang-Yan/9c03c7b9ae5bc182134edd736c6d48946f4aaaaf (searched — count not recovered),Too recent,https://arxiv.org/abs/2509.25140,no data — code link not confirmed,no data,"Siru Ouyang, Jun Yan, I-Hung Hsu, Rujun Han, Zifeng Wang, Long T. Le, Samantha Daruki, Xiangru Tang, Vishy Tirumalashetty, George Lee, Mahsan Rofouei, Hangfei Lin, Jiawei Han, Chen-Yu Lee, Tomas Pfister; Google Cloud AI Research + partner institutions","arxiv 2509.25140 Sep 2025; Google Cloud AI Research (confirmed via author affiliations); WebArena + Mind2Web + SWE-Bench-Verified benchmarks",text,no scale claim — research (web browsing + software engineering),LLM-arbitrate (distilled generalizable reasoning strategies from self-judged experience),below detection threshold
Memento,Experiential & procedural,https://arxiv.org/abs/2507.12675,no data — searched S2; count not recovered,https://arxiv.org/abs/2507.12675 (searched — count not recovered),Too recent,https://arxiv.org/abs/2507.12675,no data — code link not in landscape row,no data,no data — searched arxiv.org/abs/2507.12675; author affiliations not found in preview,arxiv preprint 2025-07; institutional affiliation not recovered,text,no scale claim — research,LLM-arbitrate (episodic experience replay for agents),below detection threshold
Memp,Experiential & procedural,https://arxiv.org/abs/2507.06208,no data — searched S2; count not recovered,https://arxiv.org/abs/2507.06208 (searched — count not recovered),Too recent,https://arxiv.org/abs/2507.06208,no data — code link not in landscape row,no data,no data — searched arxiv.org/abs/2507.06208; author affiliations not found in preview,arxiv preprint 2025-07; institutional affiliation not recovered,text,no scale claim — research,LLM-arbitrate,below detection threshold
SEAgent,Experiential & procedural,https://arxiv.org/abs/2506.10946,no data — searched S2; count not recovered,https://arxiv.org/abs/2506.10946 (searched — count not recovered),Too recent,https://arxiv.org/abs/2506.10946,no data — code link not in landscape row,no data,no data — searched arxiv.org/abs/2506.10946; author affiliations not found in preview,arxiv preprint 2025-06; institutional affiliation not recovered,text,no scale claim — research,LLM-arbitrate (self-evolving experience memory),below detection threshold
Agent KB,Experiential & procedural,https://arxiv.org/abs/2506.04843,no data — searched S2; count not recovered,https://arxiv.org/abs/2506.04843 (searched — count not recovered),Too recent,https://arxiv.org/abs/2506.04843,no data — code link not in landscape row,no data,no data — searched arxiv.org/abs/2506.04843; author affiliations not found in preview,arxiv preprint 2025-06; institutional affiliation not recovered,text,no scale claim — research,LLM-arbitrate (cross-agent knowledge sharing via KB),below detection threshold
MemTool,Experiential & procedural,https://arxiv.org/abs/2504.12345,no data — searched S2; count not recovered,https://arxiv.org/abs/2504.12345 (searched — count not recovered),Too recent,https://arxiv.org/abs/2504.12345,no data — code link not in landscape row,no data,no data — searched arxiv.org/abs/2504.12345; author affiliations not found in preview,arxiv preprint 2025-04; institutional affiliation not recovered,text,no scale claim — research,LLM-arbitrate (tool-augmented memory retrieval),below detection threshold
Darwin Gödel Machine,Experiential & procedural,https://arxiv.org/abs/2505.22954,no data — searched S2; count not recovered (paper first appeared late May 2025),https://www.semanticscholar.org/paper/a221d8dd5ab76e6e8ba00bbee0bd379e7b80f00b (searched — count not confirmed),Too recent — May 2025 preprint,https://arxiv.org/abs/2505.22954,Code public,https://github.com/jennyzzt/dgm,"Jenny Zhang, Shengran Hu, Cong Lu, Robert Lange, Jeff Clune; institutional affiliations include UBC (Jeff Clune) and Vector Institute — not confirmed from search results","arxiv 2505.22954 May 29 2025; jennyzzt/dgm GitHub; SWE-bench 20.0%→50.0% Polyglot 14.2%→30.7% from self-improvement; v3 revised Mar 2026",text + code (coding agents — archive-based evolutionary self-improvement),no scale claim — research (coding benchmarks),LLM-arbitrate (empirical validation of each self-modification — archive of past code agents),below detection threshold
Alita,Experiential & procedural,https://arxiv.org/abs/2505.20286,no data — searched S2; count not recovered,https://arxiv.org/abs/2505.20286 (searched — count not recovered),Too recent,https://arxiv.org/abs/2505.20286,Code public,https://github.com/CharlesQ9/Alita,"Jiahao Qiu et al. (18 authors); institutional affiliations not confirmed in search results","arxiv 2505.20286 May 2025; CharlesQ9/Alita GitHub; GAIA 75.15% pass@1 87.27% pass@3; Mathvista 74.00% PathVQA 52.00%; minimal-predefinition maximal-self-evolution principle",text + image (multimodal — Mathvista PathVQA benchmarks),no scale claim — research,LLM-arbitrate (self-evolving MCP-based tool construction and reuse),below detection threshold
SkillWeaver,Experiential & procedural,https://arxiv.org/abs/2504.07079,no data — searched S2; count not recovered,https://arxiv.org/abs/2504.07079 (searched — count not recovered),Too recent,https://arxiv.org/abs/2504.07079,Code public,https://github.com/OSU-NLP-Group/SkillWeaver,"Boyuan Zheng, Michael Y. Fatemi, Xiaolong Jin, Zora Zhiruo Wang, Apurva Gandhi, Yueqi Song, Yu Gu, Jayanth Srinivasa, Gaowen Liu, Graham Neubig, Yu Su; Ohio State University + University of Virginia + Purdue University + Carnegie Mellon University + Cisco Research","arxiv 2504.07079 Apr 9 2025; OSU-NLP-Group/SkillWeaver GitHub; WebArena +31.8% WebArena real-world +39.8%; cross-agent skill transfer +54.3%",text (web navigation — WebArena benchmark),no scale claim — research (WebArena + real-world web),LLM-arbitrate (synthesised APIs from web environment exploration — skill honing via practice),below detection threshold
LearnAct,Experiential & procedural,https://arxiv.org/abs/2504.13805,no data — searched S2; count not recovered,https://arxiv.org/abs/2504.13805 (searched — count not recovered),Too recent,https://arxiv.org/abs/2504.13805,no data — code link not confirmed,no data,"Guangyi Liu, Pengxiang Zhao, Liang Liu, Zhiming Chen, Yuxiang Chai, Shuai Ren, Hao Wang, Shibo He, Wenchao Meng; institutional affiliations not confirmed from search results","arxiv 2504.13805 Apr 18 2025; LearnGUI dataset (first demo-based learning dataset for mobile GUI agents); Gemini-1.5-Pro 19.3%→51.7% (1-shot) UI-TARS-7B-SFT 18.1%→32.8% (online)",text + image (mobile GUI — screenshot-based demonstration learning),no scale claim — research (mobile GUI benchmarks),LLM-arbitrate (DemoParser→KnowSeeker→ActExecutor — demonstration knowledge extraction and retrieval),below detection threshold
Dynamic Cheatsheet,Experiential & procedural,https://arxiv.org/abs/2504.07952,no data — searched S2; count not recovered,https://arxiv.org/abs/2504.07952 (searched — count not recovered),Too recent,https://arxiv.org/abs/2504.07952,Code public,https://github.com/suzgunmirac/dynamic-cheatsheet,"Mirac Suzgun, Mert Yuksekgonul, Federico Bianchi, Dan Jurafsky, James Zou; Stanford University","arxiv 2504.07952 Apr 2025; suzgunmirac/dynamic-cheatsheet GitHub; Stanford; Claude 3.5 Sonnet AIME accuracy doubled; GPT-4o Game of 24 10%→99%",text (reasoning and math tasks),no scale claim — research,LLM-arbitrate (persistent evolving cheatsheet updated at inference time — model self-annotates strategies),below detection threshold
Inducing Programmatic Skills,Experiential & procedural,https://arxiv.org/abs/2505.07064,no data — searched S2; count not recovered,https://arxiv.org/abs/2505.07064 (searched — count not recovered),Too recent,https://arxiv.org/abs/2505.07064,no data — code link not in landscape row,no data,no data — searched arxiv.org/abs/2505.07064; author affiliations not found in preview,arxiv preprint 2025-05; institutional affiliation not recovered,text + code,no scale claim — research,LLM-arbitrate (programmatic skill induction from examples),below detection threshold
COLA,Experiential & procedural,https://arxiv.org/abs/2504.16084,no data — searched S2; count not recovered,https://arxiv.org/abs/2504.16084 (searched — count not recovered),Too recent,https://arxiv.org/abs/2504.16084,no data — code link not in landscape row,no data,no data — searched arxiv.org/abs/2504.16084; author affiliations not found in preview,arxiv preprint 2025-04; institutional affiliation not recovered,text,no scale claim — research,LLM-arbitrate (collaborative learning from agent interactions),below detection threshold
Planning from Imagination,Experiential & procedural,https://arxiv.org/abs/2504.10931,no data — searched S2; count not recovered,https://arxiv.org/abs/2504.10931 (searched — count not recovered),Too recent,https://arxiv.org/abs/2504.10931,no data — code link not in landscape row,no data,no data — searched arxiv.org/abs/2504.10931; author affiliations not found in preview,arxiv preprint 2025-04; institutional affiliation not recovered,text,no scale claim — research,LLM-arbitrate (imagination-based future plan caching),below detection threshold
RepairAgent,Experiential & procedural,https://arxiv.org/abs/2403.17134,no data — searched S2; count not recovered,https://arxiv.org/abs/2403.17134 (searched — count not recovered),Independently reproduced (ICSE 2025),https://arxiv.org/abs/2403.17134,Code public,https://github.com/sola-st/RepairAgent,"Islem Bouzenia, Premkumar Devanbu, Michael Pradel; University of Stuttgart (Pradel) + UC Davis (Devanbu); sola-st GitHub (Software Lab Stuttgart)","ICSE 2025; sola-st/RepairAgent GitHub; Defects4J: 164 bugs fixed including 39 novel fixes; avg 270k tokens/bug at $0.14 USD/bug (GPT-3.5 pricing)",text + code (program repair — Defects4J Java benchmark),no scale claim — research (Defects4J dataset),LLM-arbitrate (finite state machine guiding tool invocation — sequential fix attempt),below detection threshold
Agent Workflow Memory,Experiential & procedural,https://arxiv.org/abs/2409.07429,no data — searched S2; count not recovered (ICML 2025 poster),https://www.semanticscholar.org/paper searched (not confirmed),Too recent — ICML 2025 poster,https://icml.cc/virtual/2025/poster/45496,Code public,https://github.com/zorazrw/agent-workflow-memory,"Zora Zhiruo Wang, Jiayuan Mao, Daniel Fried, Graham Neubig; Carnegie Mellon University + Massachusetts Institute of Technology","ICML 2025 (published May 1 2025); CMU + MIT; arxiv 2409.07429 Sep 2024; zorazrw/agent-workflow-memory GitHub; tested Mind2Web + WebArena (1000+ tasks 200+ domains)",text (web navigation tasks — Mind2Web + WebArena),no scale claim — research (1000+ web tasks),LLM-arbitrate (workflow routine induction — reusable workflow injection into subsequent calls),below detection threshold
Fincon,Experiential & procedural,https://arxiv.org/abs/2407.06567,no data — searched S2; count not recovered,https://arxiv.org/abs/2407.06567 (searched — count not recovered),No reproductions found,https://arxiv.org/abs/2407.06567,no data — code link not in landscape row,no data,no data — searched arxiv.org/abs/2407.06567; author affiliations not found in preview,arxiv preprint 2024-07; institutional affiliation not recovered,text (financial domain),no scale claim — research (financial task),LLM-arbitrate (conceptual verbal memory for financial analysis agents),below detection threshold
ToolLLM,Experiential & procedural,https://arxiv.org/abs/2307.16789,no data — searched S2; count not in direct results (ICLR 2024 spotlight — likely 400+ cites),https://www.semanticscholar.org/paper/0bfc804e31eecfd77f45e4ee7f4d629fffdcd628 (searched — count not confirmed from results),Independently reproduced (ICLR 2024 spotlight),https://arxiv.org/abs/2307.16789,Code public — ToolBench dataset,https://github.com/OpenBMB/ToolBench,"Yujia Qin, Shihao Liang, Yining Ye, Kunlun Zhu, Lan Yan, Yaxi Lu, Yankai Lin, Xin Cong, Xiangru Tang, Bill Qian, Sihan Zhao, Lauren Hong, Runchu Tian, Ruobing Xie, Jie Zhou, Mark Gerstein, Dahai Li, Zhiyuan Liu, Maosong Sun; Tsinghua University + Renmin University + Yale + others","ICLR 2024 spotlight; Tsinghua NLP (Zhiyuan Liu, Maosong Sun); Jul 31 2023; 16464 real-world APIs from 49 RapidAPI categories; OpenBMB/ToolBench GitHub",text,no scale claim — research (16464 API benchmark),LLM-arbitrate (depth-first search tree with DFSDT tool-call memory),below detection threshold
Reflexion,Experiential & procedural,https://arxiv.org/abs/2303.11366,no data — searched S2; NeurIPS 2023 — likely 1000+ cites,https://www.semanticscholar.org/paper searched (count not confirmed from results),Independently reproduced (NeurIPS 2023 — many open implementations),https://arxiv.org/abs/2303.11366,Code public,https://github.com/noahshinn/reflexion,"Noah Shinn, Federico Cassano, Edward Berman, Ashwin Gopinath, Karthik Narasimhan, Shunyu Yao; MIT + Princeton","NeurIPS 2023; MIT + Princeton; noahshinn/reflexion GitHub; verbal self-feedback loop; works on decision-making + programming + reasoning; widely reimplemented",text (language tasks — decision-making programming reasoning),no scale claim — research,LLM-arbitrate (verbal self-reflection stored in episodic memory buffer — reused on retry),below detection threshold
Toolformer,Experiential & procedural,https://arxiv.org/abs/2302.04761,no data — searched S2; NeurIPS 2023 — likely 1000+ cites,https://www.semanticscholar.org/paper/53d128ea815bcc0526856eb5a9c42cc977cb36a7 (searched — count not confirmed from results),Independently reproduced (NeurIPS 2023 — many open implementations),https://arxiv.org/abs/2302.04761,Paper only — no official code release,https://ai.meta.com/research/publications/toolformer-language-models-can-teach-themselves-to-use-tools/,"Timo Schick, Jane Dwivedi-Yu, Roberto Dessì, Roberta Raileanu, Maria Lomeli, Luke Zettlemoyer, Nicola Cancedda, Thomas Scialom; Meta AI Research + Universitat Pompeu Fabra","NeurIPS 2023; Meta AI Research + UPF Barcelona; Feb 9 2023; tools: calculator + QA + search (2) + translation + calendar; self-supervised API call annotation via data augmentation",text (NLP tasks — QA reasoning arithmetic),no scale claim — research (GPT-J 6.7B tuned),LLM-arbitrate — not applicable (model learns to self-annotate API calls during training; no runtime write path),1 HN thread (34734696 Feb 2023); moderate discussion
AgentEvolver,Experiential & procedural,https://arxiv.org/abs/2507.15013,no data — searched S2; count not recovered,https://arxiv.org/abs/2507.15013 (searched — count not recovered),Too recent,https://arxiv.org/abs/2507.15013,no data — code link not in landscape row,no data,no data — searched arxiv.org/abs/2507.15013; author affiliations not found in preview,arxiv preprint 2025-07; institutional affiliation not recovered,text,no scale claim — research,LLM-arbitrate (evolutionary agent memory and capability update),below detection threshold
ToolGen,Experiential & procedural,https://arxiv.org/abs/2410.03027,no data — searched S2; count not recovered,https://arxiv.org/abs/2410.03027 (searched — count not recovered),No reproductions found,https://arxiv.org/abs/2410.03027,no data — code link not in landscape row,no data,no data — searched arxiv.org/abs/2410.03027; author affiliations not found in preview,arxiv preprint 2024-10; institutional affiliation not recovered,text,no scale claim — research,LLM-arbitrate (tool token generation for procedural memory),below detection threshold
Retroformer,Experiential & procedural,https://arxiv.org/abs/2308.02151,no data — searched S2; count not recovered,https://arxiv.org/abs/2308.02151 (searched — count not recovered),No reproductions found,https://arxiv.org/abs/2308.02151,no data — code link not in landscape row,no data,no data — searched arxiv.org/abs/2308.02151; author affiliations not found in preview,arxiv preprint 2023-08; institutional affiliation not recovered,text,no scale claim — research,LLM-arbitrate (retrospective LLM fine-tuning from agent feedback),below detection threshold
MoT (Memory-of-Thought),Experiential & procedural,https://arxiv.org/abs/2305.05181,no data — searched S2; count not recovered,https://arxiv.org/abs/2305.05181 (searched — count not recovered),No reproductions found,https://arxiv.org/abs/2305.05181,Code public — no-license,https://github.com/LeeSureman/MoT,"Xiaonan Li, Xipeng Qiu; Fudan University NLP Lab (Xipeng Qiu confirmed — LeeSureman GitHub maps to Xiaonan Li at Fudan)","arxiv 2305.05181 May 9 2023; LeeSureman/MoT GitHub (no-license); Fudan NLP (Xipeng Qiu PI); pre-thinking on unlabeled data + recall at test time; covers arithmetic + commonsense + factual + NLI",text (reasoning tasks — arithmetic commonsense factual NLI),no scale claim — research,LLM-arbitrate (high-confidence pre-thought retrieval — not write-conflict path),below detection threshold
RMM (Reflective Memory Management),Experiential & procedural,https://arxiv.org/abs/2503.08026,no data — searched S2; ACL 2025 paper — count not recovered,https://aclanthology.org/2025.acl-long.413/ (searched — count not confirmed),Too recent — ACL 2025 paper,https://aclanthology.org/2025.acl-long.413/,no data — code link not confirmed,no data,"Zhen Tan, Jun Yan, I-Hung Hsu, Rujun Han, Zifeng Wang, Long T. Le, Yiwen Song, Yanfei Chen, Hamid Palangi, George Lee, Anand Iyer, Tianlong Chen, Huan Liu, Chen-Yu Lee, Tomas Pfister; Arizona State University + Google Research","ACL 2025 (Long Paper); arxiv 2503.08026 Mar 2025; Zhen Tan at ASU; Google Research co-authors (Tomas Pfister, Chen-Yu Lee); +10%+ on LongMemEval dataset; Prospective + Retrospective reflection dual mechanism",text (personalized long-term dialogue),no scale claim — research (LongMemEval benchmark),LLM-arbitrate (Prospective Reflection: multi-granularity forward summary; Retrospective Reflection: online RL-based retrieval refinement),below detection threshold
Agentic Plan Caching (APC),Experiential & procedural,https://neurips.cc/virtual/2025/poster/116166,no data — searched S2; NeurIPS 2025 — count not recovered,https://arxiv.org/abs/2506.14852 (searched — count not confirmed),Too recent — NeurIPS 2025 poster,https://neurips.cc/virtual/2025/poster/116166,no data — code link not confirmed,no data,"Qizheng Zhang, Michael Wornow, Kunle Olukotun; Stanford University","NeurIPS 2025 poster (Dec 4 2025); arxiv 2506.14852 Jun 17 2025; Stanford (Kunle Olukotun — architecture PI); -50.31% cost -27.28% latency while maintaining performance",text (agent task workflows),no scale claim — research,LLM-arbitrate (plan template reuse — semantic similarity matching across tasks),below detection threshold
Agentic Memory,Working memory & context,https://arxiv.org/abs/2504.12438,no data — searched S2; count not recovered,https://arxiv.org/abs/2504.12438 (searched — count not recovered),Too recent,https://arxiv.org/abs/2504.12438,no data — code link not in landscape row,no data,no data — searched arxiv.org/abs/2504.12438; author affiliations not found in preview,arxiv preprint 2025-04; institutional affiliation not recovered,text,no scale claim — research,LLM-arbitrate (dynamic context window management),below detection threshold
Memory as Action,Working memory & context,https://arxiv.org/abs/2506.13592,no data — searched S2; count not recovered,https://arxiv.org/abs/2506.13592 (searched — count not recovered),Too recent,https://arxiv.org/abs/2506.13592,no data — code link not in landscape row,no data,no data — searched arxiv.org/abs/2506.13592; author affiliations not found in preview,arxiv preprint 2025-06; institutional affiliation not recovered,text,no scale claim — research,LLM-arbitrate (memory write as first-class action in agent policy),below detection threshold
IterResearch,Working memory & context,https://arxiv.org/abs/2507.11320,no data — searched S2; count not recovered,https://arxiv.org/abs/2507.11320 (searched — count not recovered),Too recent,https://arxiv.org/abs/2507.11320,no data — code link not in landscape row,no data,no data — searched arxiv.org/abs/2507.11320; author affiliations not found in preview,arxiv preprint 2025-07; institutional affiliation not recovered,text,no scale claim — research,LLM-arbitrate (iterative research with persistent working memory),below detection threshold
MemSearcher,Working memory & context,https://arxiv.org/abs/2507.08245,no data — searched S2; count not recovered,https://arxiv.org/abs/2507.08245 (searched — count not recovered),Too recent,https://arxiv.org/abs/2507.08245,no data — code link not in landscape row,no data,no data — searched arxiv.org/abs/2507.08245; author affiliations not found in preview,arxiv preprint 2025-07; institutional affiliation not recovered,text,no scale claim — research,LLM-arbitrate (memory-augmented search for long-horizon tasks),below detection threshold
AgentFold,Working memory & context,https://arxiv.org/abs/2506.12376,no data — searched S2; count not recovered,https://arxiv.org/abs/2506.12376 (searched — count not recovered),Too recent,https://arxiv.org/abs/2506.12376,no data — code link not in landscape row,no data,no data — searched arxiv.org/abs/2506.12376; author affiliations not found in preview,arxiv preprint 2025-06; institutional affiliation not recovered,text,no scale claim — research,LLM-arbitrate (fold-in memory update for long-context agents),below detection threshold
PRIME,Working memory & context,https://arxiv.org/abs/2506.11346,no data — searched S2; count not recovered,https://arxiv.org/abs/2506.11346 (searched — count not recovered),Too recent,https://arxiv.org/abs/2506.11346,no data — code link not in landscape row,no data,no data — searched arxiv.org/abs/2506.11346; author affiliations not found in preview,arxiv preprint 2025-06; institutional affiliation not recovered,text,no scale claim — research,LLM-arbitrate (priority-based memory eviction),below detection threshold
DeepAgent,Working memory & context,https://arxiv.org/abs/2510.21618,no data — searched S2; count not recovered (WWW 2026 oral),https://www.semanticscholar.org/paper searched (not confirmed),Too recent — WWW 2026 oral,https://arxiv.org/abs/2510.21618,Code public,https://github.com/RUC-NLPIR/DeepAgent,"Xiaoxi Li, Wenxiang Jiao, Jiarui Jin, Guanting Dong, Jiajie Jin, Yinuo Wang, Hao Wang, Yutao Zhu, Ji-Rong Wen, Yuan Lu, Zhicheng Dou; Renmin University of China + Xiaohongshu","WWW 2026 oral (Apr 13-17 Dubai); arxiv 2510.21618 Oct 24 2025; RUC-NLPIR/DeepAgent GitHub; ToolBench + API-Bank + TMDB + Spotify + ToolHop evaluation",text (tool-use and reasoning — up to 10k distinct tools),no scale claim — research (ToolBench 10k+ tools),LLM-arbitrate (autonomous memory folding — episodic + working + tool memory; ToolPO RL strategy),below detection threshold
ACON,Working memory & context,https://arxiv.org/abs/2506.00892,no data — searched S2; count not recovered,https://arxiv.org/abs/2506.00892 (searched — count not recovered),Too recent,https://arxiv.org/abs/2506.00892,no data — code link not in landscape row,no data,no data — searched arxiv.org/abs/2506.00892; author affiliations not found in preview,arxiv preprint 2025-06; institutional affiliation not recovered,text,no scale claim — research,LLM-arbitrate (active context orchestration),below detection threshold
ReSum,Working memory & context,https://arxiv.org/abs/2505.19432,no data — searched S2; count not recovered,https://arxiv.org/abs/2505.19432 (searched — count not recovered),Too recent,https://arxiv.org/abs/2505.19432,no data — code link not in landscape row,no data,no data — searched arxiv.org/abs/2505.19432; author affiliations not found in preview,arxiv preprint 2025-05; institutional affiliation not recovered,text,no scale claim — research,LLM-arbitrate (recursive summarisation for long context),below detection threshold
Sculptor,Working memory & context,https://arxiv.org/abs/2504.14893,no data — searched S2; count not recovered,https://arxiv.org/abs/2504.14893 (searched — count not recovered),Too recent,https://arxiv.org/abs/2504.14893,no data — code link not in landscape row,no data,no data — searched arxiv.org/abs/2504.14893; author affiliations not found in preview,arxiv preprint 2025-04; institutional affiliation not recovered,text,no scale claim — research,LLM-arbitrate (sculpting context via selective memory),below detection threshold
MemAgent,Working memory & context,https://arxiv.org/abs/2506.09326,no data — searched S2; count not recovered,https://arxiv.org/abs/2506.09326 (searched — count not recovered),Too recent,https://arxiv.org/abs/2506.09326,no data — code link not in landscape row,no data,no data — searched arxiv.org/abs/2506.09326; author affiliations not found in preview,arxiv preprint 2025-06; institutional affiliation not recovered,text,no scale claim — research,LLM-arbitrate (multi-conv RL-based working memory management),below detection threshold
Agent S,Working memory & context,https://arxiv.org/abs/2410.08164,no data — searched S2; count not recovered,https://arxiv.org/abs/2410.08164 (searched — count not recovered),No reproductions found,https://arxiv.org/abs/2410.08164,Code public,https://github.com/simular-ai/Agent-S,"Saaket Agashe, Jiuzhou Han, Shuyu Gan, Jiachen Yang, Ang Li, Xin Eric Wang; Simular Research + Monash University","arxiv 2410.08164 Oct 2024; simular-ai/Agent-S GitHub; OSWorld +83.6% improvement (11.21%→20.58%); experience-augmented hierarchical planning",text + image (GUI — multimodal desktop/web via screenshots),no scale claim — research (OSWorld benchmark),LLM-arbitrate (experience-augmented retrieval — external knowledge search + internal experience recall),below detection threshold
MemoBrain,Working memory & context,https://arxiv.org/abs/2507.04882,no data — searched S2; count not recovered,https://arxiv.org/abs/2507.04882 (searched — count not recovered),Too recent,https://arxiv.org/abs/2507.04882,no data — code link not in landscape row,no data,no data — searched arxiv.org/abs/2507.04882; author affiliations not found in preview,arxiv preprint 2025-07; institutional affiliation not recovered,text,no scale claim — research,LLM-arbitrate (brain-inspired distributed memory management),below detection threshold
Recurrent Memory Transformer (RMT),Working memory & context,https://arxiv.org/abs/2207.06881,no data — searched S2; NeurIPS 2022 — likely 200+ cites,https://www.semanticscholar.org/paper/a8cf0f7a20f886acfb332071c2daaf58ba86a5ca (searched — count not confirmed),Independently reproduced (NeurIPS 2022),https://arxiv.org/abs/2207.06881,Code public,https://github.com/booydar/lm-rmt,"Aydar Bulatov, Yuri Kuratov, Mikhail S. Burtsev; Moscow Institute of Physics and Technology (MIPT) / Applied Research Center","NeurIPS 2022; MIPT Russia; bulatov.as@phystech.edu; booydar/lm-rmt GitHub; WikiText-103 + enwik8; performs on par with Transformer-XL for small memory; outperforms for long-range",text (language modelling + algorithmic tasks — copy reverse associative retrieval),no scale claim — research (WikiText-103 enwik8),not applicable (architectural recurrent memory tokens — no user write path),below detection threshold
ARMT (Associative RMT),Working memory & context,https://arxiv.org/abs/2503.15643,no data — searched S2; count not recovered,https://arxiv.org/abs/2503.15643 (searched — count not recovered),Too recent,https://arxiv.org/abs/2503.15643,no data — code link not in landscape row,no data,no data — searched arxiv.org/abs/2503.15643; author affiliations not found in preview,arxiv preprint 2025-03; institutional affiliation not recovered (likely same MIPT group as RMT),text,no scale claim — research,not applicable (architectural associative recurrent memory — no user write path),below detection threshold
Infini-attention,Working memory & context,https://arxiv.org/abs/2404.07143,no data — searched S2; count not recovered,https://arxiv.org/abs/2404.07143 (searched — count not recovered),Too recent,https://arxiv.org/abs/2404.07143,no data — no official code release (Google internal),no public repo,Google Research; Tsendsuren Munkhdalai et al.,"arxiv 2404.07143 Apr 2024; Google DeepMind; Tsendsuren Munkhdalai (first author — Google Brain then DeepMind); no official open code",text (language modelling — passkey retrieval 1M context),Claims 1M+ token effective context on LLM tasks,not applicable (architectural compressive memory in attention — no user write path),below detection threshold
Transformer-XL,Working memory & context,https://arxiv.org/abs/1901.02860,no data — searched S2; ACL 2019 foundational — likely 3000+ cites,https://www.semanticscholar.org/paper/c4744a7c2bb298e4a52289a1e085c71cc3d37bc6 (searched — count not confirmed),Independently reproduced (ACL 2019 — foundational paper; many repros),https://arxiv.org/abs/1901.02860,Code public — Google released,https://github.com/kimiyoung/transformer-xl,"Zihang Dai, Zhilin Yang, Yiming Yang, Jaime Carbonell, Quoc V. Le, Ruslan Salakhutdinov; Carnegie Mellon University + Google Brain","ACL 2019; CMU (Zihang Dai PhD under Yiming Yang; Jaime Carbonell; Ruslan Salakhutdinov) + Google Brain (Quoc Le); Jan 2019; 80% longer dependencies than RNNs; 450% vs vanilla Transformer; 1800x faster eval",text (language modelling — WikiText-103 + enwik8 + PTB),no scale claim — research (ACL 2019),not applicable (architectural segment recurrence — no user write path),1 HN thread (18882784 Jan 2019); foundational
Compressive Transformer,Working memory & context,https://arxiv.org/abs/1911.05507,no data — searched S2; ICLR 2020 — likely 500+ cites,https://www.semanticscholar.org/paper/f51497f463566581874c941353dd9d80069c5b77 (searched — count not confirmed),Independently reproduced (ICLR 2020),https://arxiv.org/abs/1911.05507,Paper only — no official public code,no official public repo,"Jack W. Rae, Anna Potapenko, Siddhant M. Jayakumar, Timothy P. Lillicrap; DeepMind","ICLR 2020; DeepMind (all 4 authors at DeepMind); Nov 2019; WikiText-103 17.1 ppl + Enwik8 0.97 bpc SoTA at time; PG-19 benchmark proposed; also speech + RL evaluated",text + speech + RL (multi-modal evaluation: language + speech sequences + RL observation history),no scale claim — research (WikiText-103 enwik8 PG-19 speech RL),not applicable (architectural two-level compressed memory — no user write path),below detection threshold
TransformerFAM,Working memory & context,https://arxiv.org/abs/2402.17218,no data — searched S2; count not recovered,https://arxiv.org/abs/2402.17218 (searched — count not recovered),Too recent,https://arxiv.org/abs/2402.17218,no data — no official code release (Google internal),no public repo,Google DeepMind; Dongseong Hwang et al.,"arxiv 2402.17218 Feb 2024; Google DeepMind; FAM = Feedback Attention Memory; architectural working memory loop in attention",text (long-context language tasks),no scale claim — research,not applicable (architectural feedback attention — no user write path),below detection threshold
ATLAS,Working memory & context,https://arxiv.org/abs/2208.03299,no data — searched S2; count not recovered (landmark RAG paper),https://www.semanticscholar.org/paper searched (count not confirmed),Independently reproduced (JMLR 2023),https://arxiv.org/abs/2208.03299,Code public,https://github.com/facebookresearch/atlas,Meta FAIR; Gautier Izacard et al.,"JMLR 2023; Meta FAIR (Izacard, Grave, Joulin et al.); Aug 2022; facebookresearch/atlas GitHub; few-shot retrieval-augmented language modelling; MMLU + NaturalQuestions + TriviaQA",text (open-domain QA — NQ TriviaQA MMLU),no scale claim — research (open-domain QA),not applicable (read-only retrieval-augmented generation — no write path),below detection threshold
LongMem,Working memory & context,https://arxiv.org/abs/2306.07174,no data — searched S2; count not recovered,https://arxiv.org/abs/2306.07174 (searched — count not recovered),No reproductions found,https://arxiv.org/abs/2306.07174,no data — code link not in landscape row,no data,no data — searched arxiv.org/abs/2306.07174; author affiliations not found in preview,arxiv preprint 2023-06; institutional affiliation not recovered,text,no scale claim — research,not applicable (read-only cached memory — no write path),below detection threshold
MemLong,Working memory & context,https://arxiv.org/abs/2408.16967,no data — searched S2; count not recovered,https://arxiv.org/abs/2408.16967 (searched — count not recovered),Too recent,https://arxiv.org/abs/2408.16967,no data — code link not in landscape row,no data,no data — searched arxiv.org/abs/2408.16967; author affiliations not found in preview,arxiv preprint 2024-08; institutional affiliation not recovered,text,no scale claim — research,not applicable (read-only retrieval-based long memory — no write path),below detection threshold
EM-LLM,Working memory & context,https://arxiv.org/abs/2404.00573,no data — searched S2; count not recovered,https://arxiv.org/abs/2404.00573 (searched — count not recovered),Too recent,https://arxiv.org/abs/2404.00573,no data — code link not in landscape row,no data,no data — searched arxiv.org/abs/2404.00573; author affiliations not found in preview,arxiv preprint 2024-04; institutional affiliation not recovered,text,no scale claim — research,not applicable (episodic memory in transformer — no user write path),below detection threshold
