system_name,modalities,volume_claim,conflict_resolution,pedigree,source_url_modalities,source_url_volume,source_url_conflict,source_url_pedigree
AI Singapore SEA-LION,text,245M training pairs; 128K-token context (no memory-volume claim),"not applicable (retrieval model, no write path)",AI Singapore (AISG) — national research foundation; no individual founders listed,https://sea-lion.ai/models/,https://sea-lion.ai/models/,https://sea-lion.ai/models/,https://sea-lion.ai/models/
Krutrim Kruti (Ola),text + voice + image,internal — undisclosed,LLM-arbitrate,"Ola Electric / Bhavish Aggarwal (founder, IIT Bombay; previously co-founded Ola Cabs)",https://ai-labs.olakrutrim.com/,https://ai-labs.olakrutrim.com/,https://ai-labs.olakrutrim.com/,https://ai-labs.olakrutrim.com/
Pydantic-AI MemoryTool,text,delegated to provider (no own volume claim),none specified (delegates to provider),"Pydantic (Samuel Colvin, founder; UK-based; YC-backed)",https://pydantic.dev/docs/ai/tools-toolsets/builtin-tools/,https://pydantic.dev/docs/ai/tools-toolsets/builtin-tools/,https://pydantic.dev/docs/ai/tools-toolsets/builtin-tools/,https://pydantic.dev/
Inngest AgentKit — Network State,text,no scale claim — bounded by Inngest durable infra,"overwrite (KV store, last write wins)","Inngest Inc. (Tony Holdstock-Brown & Dan Farrelly, co-founders; ex-engineering leads; Sequoia-backed)",https://agentkit.inngest.com/concepts/memory,https://agentkit.inngest.com/concepts/memory,https://agentkit.inngest.com/concepts/memory,https://www.inngest.com/blog/series-a
Rivet Memory Node (Ironclad),text,no scale claim — research / open-source,overwrite (stable-ID overwrite on save),Ironclad Inc. (legal contract platform; Cai GoGwilt & Jason Boehmig co-founders; Tiger Global-backed),https://rivet.ironcladapp.com/,https://rivet.ironcladapp.com/,https://rivet.ironcladapp.com/,https://rivet.ironcladapp.com/
AGiXT Adaptive Memory,text,no scale claim — open-source plugin architecture,LLM-arbitrate,Josh Turner (open-source maintainer); no institutional backing,https://github.com/Josh-XT/AGiXT,https://github.com/Josh-XT/AGiXT,https://github.com/Josh-XT/AGiXT,https://github.com/Josh-XT/AGiXT
Botpress LLMz,text,per-plan vector-DB quota (vendor-set; undisclosed upper bound),LLM-arbitrate,"Botpress Inc. (Sylvain Perron & Nicolas Hoizey, co-founders; Montreal-based; Inovia Capital-backed)",https://botpress.com/features/knowledge-bases,https://botpress.com/features/knowledge-bases,https://botpress.com/features/knowledge-bases,https://botpress.com/
Relevance AI Memory,text,no scale claim — SaaS; vendor undisclosed,"overwrite (KV store, last write wins for persistent; append for conversation metadata)","Relevance AI (Daniel Vassilev & Jacky Li, co-founders; Sydney-based; AirTree / GV-backed)",https://relevanceai.com/docs/agent/build-your-agent/memory,https://relevanceai.com/docs/agent/build-your-agent/memory,https://relevanceai.com/docs/agent/build-your-agent/memory,https://www.relevanceai.com/about
Lindy AI Memory,text,no scale claim — SaaS,LLM-arbitrate (selective; editable by user),"Lindy (Flo Crivello, founder; ex-Uber product; YC W23)",https://docs.lindy.ai/fundamentals/lindy-101/memory,https://docs.lindy.ai/fundamentals/lindy-101/memory,https://docs.lindy.ai/fundamentals/lindy-101/memory,https://www.ycombinator.com/companies/lindy
Vapi (voice agents),voice + text,no scale claim — state lives in call variables,overwrite (structured variables),"Vapi AI (Nikhil Gupta & Jordan Dearsley, co-founders; YC W23)",https://vapi.ai/,https://vapi.ai/,https://vapi.ai/,https://www.ycombinator.com/companies/vapi
Retell AI,voice + text,no scale claim — long-term via external CRM integration,none specified (webhooks to external CRM; no native resolution),"Retell AI (Weijia Yu, founder; ex-Meta engineer; YC W24)",https://www.retellai.com/,https://www.retellai.com/,https://www.retellai.com/,https://www.ycombinator.com/companies/retell-ai
Stack AI,text,no scale claim — enterprise SaaS KB; undisclosed,not applicable (read-only KB; no agent memory write),"Stack AI (Bernardo Aceituno & Antoni Rosinol, co-founders; MIT / CMU; YC W23)",https://www.stackai.com/,https://www.stackai.com/,https://www.stackai.com/,https://www.ycombinator.com/companies/stack-ai
MemoRAG,text,no scale claim — research,not applicable (read-only RAG retrieval),Qian-Hui Qin et al. — Renmin University of China; TheWebConf 2025,https://github.com/qhjqhj00/MemoRAG,https://github.com/qhjqhj00/MemoRAG,https://github.com/qhjqhj00/MemoRAG,https://arxiv.org/abs/2409.05591
EVOLVE-MEM,text,no scale claim — research (NeurIPS 2025 workshop),LLM-arbitrate,Anonymous NeurIPS 2025 submission (workshop track); no named authors at search time,https://openreview.net/forum?id=dfPQrg1WA5,https://openreview.net/forum?id=dfPQrg1WA5,https://openreview.net/forum?id=dfPQrg1WA5,https://openreview.net/forum?id=dfPQrg1WA5
MemPalace,text,no scale claim — research / open-source,append (no resolution),no data — searched mempalace.net; no author or affiliation listed,https://www.mempalace.net/,https://www.mempalace.net/,https://www.mempalace.net/,https://www.mempalace.net/
TiMem,text,no scale claim — research,LLM-arbitrate (consolidation),no data — searched arxiv.org/abs/2601.02845; author affiliations not found in preview,https://arxiv.org/abs/2601.02845,https://arxiv.org/abs/2601.02845,https://arxiv.org/abs/2601.02845,https://arxiv.org/abs/2601.02845
LiCoMemory,text,no scale claim — research,LLM-arbitrate (incremental graph updates),no data — searched arxiv.org/abs/2511.01448; author affiliations not found in preview,https://arxiv.org/abs/2511.01448,https://arxiv.org/abs/2511.01448,https://arxiv.org/abs/2511.01448,https://arxiv.org/abs/2511.01448
MAGMA,text,no scale claim — research,LLM-arbitrate,no data — searched arxiv.org/abs/2601.03236; author affiliations not found in preview,https://arxiv.org/abs/2601.03236,https://arxiv.org/abs/2601.03236,https://arxiv.org/abs/2601.03236,https://arxiv.org/abs/2601.03236
MemVerse,text + image,no scale claim — research,LLM-arbitrate,no data — searched arxiv.org/abs/2512.03627; author affiliations not found in preview,https://arxiv.org/abs/2512.03627,https://arxiv.org/abs/2512.03627,https://arxiv.org/abs/2512.03627,https://arxiv.org/abs/2512.03627
MMAG,text,no scale claim — research,LLM-arbitrate,no data — searched arxiv.org/abs/2512.01710; author affiliations not found in preview,https://arxiv.org/abs/2512.01710,https://arxiv.org/abs/2512.01710,https://arxiv.org/abs/2512.01710,https://arxiv.org/abs/2512.01710
D-SMART,text,no scale claim — research,LLM-arbitrate,no data — searched arxiv.org/abs/2510.13363; author affiliations not found in preview,https://arxiv.org/abs/2510.13363,https://arxiv.org/abs/2510.13363,https://arxiv.org/abs/2510.13363,https://arxiv.org/abs/2510.13363
WebWeaver,text,no scale claim — research,"append (no resolution, outline-based)",no data — searched arxiv.org/abs/2509.13312; author affiliations not found in preview,https://arxiv.org/abs/2509.13312,https://arxiv.org/abs/2509.13312,https://arxiv.org/abs/2509.13312,https://arxiv.org/abs/2509.13312
CAM,text,no scale claim — research,LLM-arbitrate,no data — searched arxiv.org/abs/2510.05520; author affiliations not found in preview,https://arxiv.org/abs/2510.05520,https://arxiv.org/abs/2510.05520,https://arxiv.org/abs/2510.05520,https://arxiv.org/abs/2510.05520
LightMem,text,no scale claim — research,none specified,no data — searched arxiv.org/abs/2510.18866; author affiliations not found in preview,https://arxiv.org/abs/2510.18866,https://arxiv.org/abs/2510.18866,https://arxiv.org/abs/2510.18866,https://arxiv.org/abs/2510.18866
RGMem,text,no scale claim — research,LLM-arbitrate (renormalization-group evolution),no data — searched arxiv.org/abs/2510.16392; author affiliations not found in preview,https://arxiv.org/abs/2510.16392,https://arxiv.org/abs/2510.16392,https://arxiv.org/abs/2510.16392,https://arxiv.org/abs/2510.16392
Mem-α,text,no scale claim — research,LLM-arbitrate (RL-learned construction),no data — searched arxiv.org/abs/2509.25911; author affiliations not found in preview,https://arxiv.org/abs/2509.25911,https://arxiv.org/abs/2509.25911,https://arxiv.org/abs/2509.25911,https://arxiv.org/abs/2509.25911
SGMem,text,no scale claim — research,LLM-arbitrate,no data — searched arxiv.org/abs/2509.21212; author affiliations not found in preview,https://arxiv.org/abs/2509.21212,https://arxiv.org/abs/2509.21212,https://arxiv.org/abs/2509.21212,https://arxiv.org/abs/2509.21212
Nemori,text,no scale claim — research,LLM-arbitrate (self-organising),no data — searched arxiv.org/abs/2508.03341; author affiliations not found in preview,https://arxiv.org/abs/2508.03341,https://arxiv.org/abs/2508.03341,https://arxiv.org/abs/2508.03341,https://arxiv.org/abs/2508.03341
ComoRAG,text,no scale claim — research,not applicable (read-only RAG),no data — searched arxiv.org/abs/2508.10419; author affiliations not found in preview,https://arxiv.org/abs/2508.10419,https://arxiv.org/abs/2508.10419,https://arxiv.org/abs/2508.10419,https://arxiv.org/abs/2508.10419
G-Memory,text,no scale claim — research,LLM-arbitrate,no data — searched arxiv.org/abs/2506.07398; author affiliations not found in preview,https://arxiv.org/abs/2506.07398,https://arxiv.org/abs/2506.07398,https://arxiv.org/abs/2506.07398,https://arxiv.org/abs/2506.07398
MemGuide,text,no scale claim — research,LLM-arbitrate,no data — searched arxiv.org/abs/2505.20231; author affiliations not found in preview,https://arxiv.org/abs/2505.20231,https://arxiv.org/abs/2505.20231,https://arxiv.org/abs/2505.20231,https://arxiv.org/abs/2505.20231
SeCom,text,no scale claim — research,LLM-arbitrate,no data — searched openreview.net/forum?id=xKDZAW0He3; author affiliations not found in preview,https://openreview.net/forum?id=xKDZAW0He3,https://openreview.net/forum?id=xKDZAW0He3,https://openreview.net/forum?id=xKDZAW0He3,https://openreview.net/forum?id=xKDZAW0He3
R³Mem,text,no scale claim — research,LLM-arbitrate (reversible compression),no data — searched arxiv.org/abs/2502.15957; author affiliations not found in preview,https://arxiv.org/abs/2502.15957,https://arxiv.org/abs/2502.15957,https://arxiv.org/abs/2502.15957,https://arxiv.org/abs/2502.15957
AI PERSONA,text,no scale claim — research,LLM-arbitrate,no data — searched arxiv.org/abs/2412.13103; author affiliations not found in preview,https://arxiv.org/abs/2412.13103,https://arxiv.org/abs/2412.13103,https://arxiv.org/abs/2412.13103,https://arxiv.org/abs/2412.13103
Memolet,text,no scale claim — HCI research,manual (user-controlled reuse),CHI/UIST academic paper; no affiliation found at doi.org/10.1145/3654777.3676388 in preview,https://doi.org/10.1145/3654777.3676388,https://doi.org/10.1145/3654777.3676388,https://doi.org/10.1145/3654777.3676388,https://doi.org/10.1145/3654777.3676388
Arigraph,text,no scale claim — research,LLM-arbitrate (KG updates),no data — searched arxiv.org/abs/2407.04363; author affiliations not found in preview,https://arxiv.org/abs/2407.04363,https://arxiv.org/abs/2407.04363,https://arxiv.org/abs/2407.04363,https://arxiv.org/abs/2407.04363
Knowledge Graph Tuning,text,no scale claim — research,LLM-arbitrate (human feedback-driven KG update),no data — searched arxiv.org/abs/2405.19686; author affiliations not found in preview,https://arxiv.org/abs/2405.19686,https://arxiv.org/abs/2405.19686,https://arxiv.org/abs/2405.19686,https://arxiv.org/abs/2405.19686
Memoro,text,no scale claim — HCI research,not applicable (read-only UI),CHI 2024 paper; no affiliation found at doi.org/10.1145/3613904.3642450 in preview,https://doi.org/10.1145/3613904.3642450,https://doi.org/10.1145/3613904.3642450,https://doi.org/10.1145/3613904.3642450,https://doi.org/10.1145/3613904.3642450
MetaGPT,text,no scale claim — research / open-source,LLM-arbitrate,Sirui Hong et al. — DeepWisdom; primary affiliation Chinese Academy of Sciences / Tsinghua adjacent; arxiv 2308.00352,https://arxiv.org/abs/2308.00352,https://arxiv.org/abs/2308.00352,https://arxiv.org/abs/2308.00352,https://arxiv.org/abs/2308.00352
Lyfe Agents,text,no scale claim — research,LLM-arbitrate,Zhao et al. — Stanford / MIT CSAIL collaboration; arxiv 2310.02172,https://arxiv.org/abs/2310.02172,https://arxiv.org/abs/2310.02172,https://arxiv.org/abs/2310.02172,https://arxiv.org/abs/2310.02172
MemoChat,text,no scale claim — research,LLM-arbitrate (memo-based),no data — searched arxiv.org/abs/2308.08239; author affiliations not found in preview,https://arxiv.org/abs/2308.08239,https://arxiv.org/abs/2308.08239,https://arxiv.org/abs/2308.08239,https://arxiv.org/abs/2308.08239
S³,text,no scale claim — research,LLM-arbitrate,no data — searched arxiv.org/abs/2307.14984; author affiliations not found in preview,https://arxiv.org/abs/2307.14984,https://arxiv.org/abs/2307.14984,https://arxiv.org/abs/2307.14984,https://arxiv.org/abs/2307.14984
RecurrentGPT,text,infinite via streaming (unbounded long-text generation),append (no resolution),Wangchunshu Zhou et al. — ETH Zurich / AIWaves; arxiv 2305.13304,https://arxiv.org/abs/2305.13304,https://arxiv.org/abs/2305.13304,https://arxiv.org/abs/2305.13304,https://arxiv.org/abs/2305.13304
RET-LLM,text,no scale claim — research,overwrite (read-write; general update),no data — searched arxiv.org/abs/2305.14322; author affiliations not found in preview,https://arxiv.org/abs/2305.14322,https://arxiv.org/abs/2305.14322,https://arxiv.org/abs/2305.14322,https://arxiv.org/abs/2305.14322
SCM,text,no scale claim — research,LLM-arbitrate (self-controlled),no data — searched arxiv.org/abs/2304.13343; author affiliations not found in preview,https://arxiv.org/abs/2304.13343,https://arxiv.org/abs/2304.13343,https://arxiv.org/abs/2304.13343,https://arxiv.org/abs/2304.13343
Memoria (cognitive),text,no scale claim — research,LLM-arbitrate,no data — searched arxiv.org/abs/2310.03052; author affiliations not found in preview,https://arxiv.org/abs/2310.03052,https://arxiv.org/abs/2310.03052,https://arxiv.org/abs/2310.03052,https://arxiv.org/abs/2310.03052
ReadAgent,text,"no scale claim — research (prompt-only, no persistent store)",not applicable (read-only gist compression),Google Research / Google DeepMind; arxiv 2402.09727,https://arxiv.org/abs/2402.09727,https://arxiv.org/abs/2402.09727,https://arxiv.org/abs/2402.09727,https://arxiv.org/abs/2402.09727
GAM (General Agentic Memory),text,no scale claim — research,not applicable (immutable page-store),no data — searched arxiv.org/abs/2511.18423; author affiliations not found in preview,https://arxiv.org/abs/2511.18423,https://arxiv.org/abs/2511.18423,https://arxiv.org/abs/2511.18423,https://arxiv.org/abs/2511.18423
TierMem,text,no scale claim — research,not applicable (immutable raw-log; summaries derived),no data — searched arxiv.org/abs/2602.17913; author affiliations not found in preview,https://arxiv.org/abs/2602.17913,https://arxiv.org/abs/2602.17913,https://arxiv.org/abs/2602.17913,https://arxiv.org/abs/2602.17913
MemInsight,text,no scale claim — research,LLM-arbitrate (autonomous augmentation),no data — searched arxiv.org/abs/2503.21760; author affiliations not found in preview,https://arxiv.org/abs/2503.21760,https://arxiv.org/abs/2503.21760,https://arxiv.org/abs/2503.21760,https://arxiv.org/abs/2503.21760
MemoryBench (Tsinghua THUIR),text,no scale claim — benchmark,not applicable (evaluation benchmark),Tsinghua University THUIR group; arxiv 2510.17281,https://arxiv.org/abs/2510.17281,https://arxiv.org/abs/2510.17281,https://arxiv.org/abs/2510.17281,https://arxiv.org/abs/2510.17281
MemR³,text,no scale claim — research,"not applicable (retrieval controller, no write)",no data — searched arxiv.org/abs/2512.20237; author affiliations not found in preview,https://arxiv.org/abs/2512.20237,https://arxiv.org/abs/2512.20237,https://arxiv.org/abs/2512.20237,https://arxiv.org/abs/2512.20237
MemMachine (paper),text,no scale claim — research,append (no resolution — raw episodic store),no data — searched arxiv.org/abs/2604.04853; author affiliations not found in preview,https://arxiv.org/abs/2604.04853,https://arxiv.org/abs/2604.04853,https://arxiv.org/abs/2604.04853,https://arxiv.org/abs/2604.04853
MIA — Memory Intelligence Agent,text,no scale claim — research,LLM-arbitrate (Planner parametric + Manager non-parametric),no data — searched arxiv.org/abs/2604.04503; author affiliations not found in preview,https://arxiv.org/abs/2604.04503,https://arxiv.org/abs/2604.04503,https://arxiv.org/abs/2604.04503,https://arxiv.org/abs/2604.04503
MemRL,text,no scale claim — research,LLM-arbitrate (RL-driven),no data — searched arxiv.org/abs/2601.03192; author affiliations not found in preview,https://arxiv.org/abs/2601.03192,https://arxiv.org/abs/2601.03192,https://arxiv.org/abs/2601.03192,https://arxiv.org/abs/2601.03192
MemEvolve,text,no scale claim — research (12 systems distilled),LLM-arbitrate (meta-evolution),no data — searched arxiv.org/abs/2512.18746; author affiliations not found in preview,https://arxiv.org/abs/2512.18746,https://arxiv.org/abs/2512.18746,https://arxiv.org/abs/2512.18746,https://arxiv.org/abs/2512.18746
FLEX,text,no scale claim — research,LLM-arbitrate,no data — searched arxiv.org/abs/2511.06449; author affiliations not found in preview,https://arxiv.org/abs/2511.06449,https://arxiv.org/abs/2511.06449,https://arxiv.org/abs/2511.06449,https://arxiv.org/abs/2511.06449
PRINCIPLES,text,no scale claim — research,LLM-arbitrate (synthetic strategy),no data — searched arxiv.org/abs/2509.17459; author affiliations not found in preview,https://arxiv.org/abs/2509.17459,https://arxiv.org/abs/2509.17459,https://arxiv.org/abs/2509.17459,https://arxiv.org/abs/2509.17459
ToolMem,text + image,no scale claim — research,LLM-arbitrate,no data — searched arxiv.org/abs/2510.06664; author affiliations not found in preview,https://arxiv.org/abs/2510.06664,https://arxiv.org/abs/2510.06664,https://arxiv.org/abs/2510.06664,https://arxiv.org/abs/2510.06664
H²R,text,no scale claim — research,LLM-arbitrate (hierarchical reflection),no data — searched arxiv.org/abs/2509.12810; author affiliations not found in preview,https://arxiv.org/abs/2509.12810,https://arxiv.org/abs/2509.12810,https://arxiv.org/abs/2509.12810,https://arxiv.org/abs/2509.12810
BrowserAgent,text + image,no scale claim — research,LLM-arbitrate,no data — searched arxiv.org/abs/2510.10666; author affiliations not found in preview,https://arxiv.org/abs/2510.10666,https://arxiv.org/abs/2510.10666,https://arxiv.org/abs/2510.10666,https://arxiv.org/abs/2510.10666
LEGOMem,text,no scale claim — research,LLM-arbitrate,no data — searched arxiv.org/abs/2510.04851; author affiliations not found in preview,https://arxiv.org/abs/2510.04851,https://arxiv.org/abs/2510.04851,https://arxiv.org/abs/2510.04851,https://arxiv.org/abs/2510.04851
Alita-G,text,no scale claim — research,LLM-arbitrate (self-evolving),no data — searched arxiv.org/abs/2510.23601; author affiliations not found in preview,https://arxiv.org/abs/2510.23601,https://arxiv.org/abs/2510.23601,https://arxiv.org/abs/2510.23601,https://arxiv.org/abs/2510.23601
Memento,text,no scale claim — research,LLM-arbitrate,no data — searched arxiv.org/abs/2508.16153; author affiliations not found in preview,https://arxiv.org/abs/2508.16153,https://arxiv.org/abs/2508.16153,https://arxiv.org/abs/2508.16153,https://arxiv.org/abs/2508.16153
Memp,text,no scale claim — research,LLM-arbitrate,no data — searched arxiv.org/abs/2508.06433; author affiliations not found in preview,https://arxiv.org/abs/2508.06433,https://arxiv.org/abs/2508.06433,https://arxiv.org/abs/2508.06433,https://arxiv.org/abs/2508.06433
SEAgent,text + image,no scale claim — research,LLM-arbitrate (self-evolving),no data — searched arxiv.org/abs/2508.04700; author affiliations not found in preview,https://arxiv.org/abs/2508.04700,https://arxiv.org/abs/2508.04700,https://arxiv.org/abs/2508.04700,https://arxiv.org/abs/2508.04700
Agent KB,text,no scale claim — research,LLM-arbitrate,no data — searched arxiv.org/abs/2507.06229; author affiliations not found in preview,https://arxiv.org/abs/2507.06229,https://arxiv.org/abs/2507.06229,https://arxiv.org/abs/2507.06229,https://arxiv.org/abs/2507.06229
MemTool,text,no scale claim — research,LLM-arbitrate,no data — searched arxiv.org/abs/2507.21428; author affiliations not found in preview,https://arxiv.org/abs/2507.21428,https://arxiv.org/abs/2507.21428,https://arxiv.org/abs/2507.21428,https://arxiv.org/abs/2507.21428
Inducing Programmatic Skills,text,no scale claim — research,LLM-arbitrate,no data — searched arxiv.org/abs/2504.06821; author affiliations not found in preview,https://arxiv.org/abs/2504.06821,https://arxiv.org/abs/2504.06821,https://arxiv.org/abs/2504.06821,https://arxiv.org/abs/2504.06821
COLA,text + image,no scale claim — research,LLM-arbitrate,no data — searched arxiv.org/abs/2503.09263; author affiliations not found in preview,https://arxiv.org/abs/2503.09263,https://arxiv.org/abs/2503.09263,https://arxiv.org/abs/2503.09263,https://arxiv.org/abs/2503.09263
Planning from Imagination,text + image,no scale claim — research,LLM-arbitrate,no data — searched arxiv.org/abs/2412.01857; author affiliations not found in preview,https://arxiv.org/abs/2412.01857,https://arxiv.org/abs/2412.01857,https://arxiv.org/abs/2412.01857,https://arxiv.org/abs/2412.01857
SAGE,text,no scale claim — research (Neurocomputing 2025),LLM-arbitrate (reflective),no data — no URL in landscape HTML; searched Neurocomputing 2025 SAGE paper; no results,no data,no data,no data,no data
Fincon,text,no scale claim — research,LLM-arbitrate (verbal reinforcement),no data — searched arxiv.org/abs/2407.06567; author affiliations not found in preview,https://arxiv.org/abs/2407.06567,https://arxiv.org/abs/2407.06567,https://arxiv.org/abs/2407.06567,https://arxiv.org/abs/2407.06567
Buffer of Thoughts,text,no scale claim — research (NeurIPS 2024),LLM-arbitrate,no data — no URL in landscape HTML; searched NeurIPS 2024 Buffer of Thoughts; no affiliation found,no data,no data,no data,no data
JARVIS-1,text + image,no scale claim — research (TPAMI 2024),LLM-arbitrate,no data — no URL in landscape HTML; searched TPAMI 2024 JARVIS-1 open-world agents,no data,no data,no data,no data
ExpeL,text,no scale claim — research (AAAI 2024),LLM-arbitrate,Andrew Zhao et al. — CMU; AAAI 2024,no data,no data,no data,no data
CREATOR,text,no scale claim — research (EMNLP Findings),LLM-arbitrate (tool creation),no data — no URL in landscape HTML; searched EMNLP CREATOR tool creation reasoning,no data,no data,no data,no data
AgentEvolver,text,no scale claim — research,LLM-arbitrate (self-evolving),no data — searched arxiv.org/abs/2511.10395; author affiliations not found in preview,https://arxiv.org/abs/2511.10395,https://arxiv.org/abs/2511.10395,https://arxiv.org/abs/2511.10395,https://arxiv.org/abs/2511.10395
ToolGen,text,no scale claim — research,not applicable (retrieval generation; no persistent write),no data — searched arxiv.org/abs/2410.03439; author affiliations not found in preview,https://arxiv.org/abs/2410.03439,https://arxiv.org/abs/2410.03439,https://arxiv.org/abs/2410.03439,https://arxiv.org/abs/2410.03439
Retroformer,text,no scale claim — research,LLM-arbitrate (policy-gradient retrospective),no data — searched arxiv.org/abs/2308.02151; author affiliations not found in preview,https://arxiv.org/abs/2308.02151,https://arxiv.org/abs/2308.02151,https://arxiv.org/abs/2308.02151,https://arxiv.org/abs/2308.02151
Agentic Plan Caching (APC),text,no scale claim — research (NeurIPS 2025),LLM-arbitrate (plan-template reuse),NeurIPS 2025 poster; no author affiliation found at neurips.cc/virtual/2025/poster/116166 in preview,https://neurips.cc/virtual/2025/poster/116166,https://neurips.cc/virtual/2025/poster/116166,https://neurips.cc/virtual/2025/poster/116166,https://neurips.cc/virtual/2025/poster/116166
MPO,text,no scale claim — research (EMNLP 2025),LLM-arbitrate,no data — no URL in landscape HTML; searched EMNLP 2025 MPO meta plan optimisation,no data,no data,no data,no data
Agentic Memory,text,no scale claim — research,LLM-arbitrate,no data — searched arxiv.org/abs/2601.01885; author affiliations not found in preview,https://arxiv.org/abs/2601.01885,https://arxiv.org/abs/2601.01885,https://arxiv.org/abs/2601.01885,https://arxiv.org/abs/2601.01885
Memory as Action,text,no scale claim — research,LLM-arbitrate (autonomous curation),no data — searched arxiv.org/abs/2510.12635; author affiliations not found in preview,https://arxiv.org/abs/2510.12635,https://arxiv.org/abs/2510.12635,https://arxiv.org/abs/2510.12635,https://arxiv.org/abs/2510.12635
IterResearch,text,no scale claim — research,LLM-arbitrate,no data — searched arxiv.org/abs/2511.07327; author affiliations not found in preview,https://arxiv.org/abs/2511.07327,https://arxiv.org/abs/2511.07327,https://arxiv.org/abs/2511.07327,https://arxiv.org/abs/2511.07327
MemSearcher,text,no scale claim — research,LLM-arbitrate (RL-trained),no data — searched arxiv.org/abs/2511.02805; author affiliations not found in preview,https://arxiv.org/abs/2511.02805,https://arxiv.org/abs/2511.02805,https://arxiv.org/abs/2511.02805,https://arxiv.org/abs/2511.02805
AgentFold,text + image,no scale claim — research,LLM-arbitrate,no data — searched arxiv.org/abs/2510.24699; author affiliations not found in preview,https://arxiv.org/abs/2510.24699,https://arxiv.org/abs/2510.24699,https://arxiv.org/abs/2510.24699,https://arxiv.org/abs/2510.24699
PRIME,text,no scale claim — research,LLM-arbitrate,no data — searched arxiv.org/abs/2509.22315; author affiliations not found in preview,https://arxiv.org/abs/2509.22315,https://arxiv.org/abs/2509.22315,https://arxiv.org/abs/2509.22315,https://arxiv.org/abs/2509.22315
ACON,text,no scale claim — research,LLM-arbitrate (context compression),no data — searched arxiv.org/abs/2510.00615; author affiliations not found in preview,https://arxiv.org/abs/2510.00615,https://arxiv.org/abs/2510.00615,https://arxiv.org/abs/2510.00615,https://arxiv.org/abs/2510.00615
ReSum,text,no scale claim — research,LLM-arbitrate (summarisation),no data — searched arxiv.org/abs/2509.13313; author affiliations not found in preview,https://arxiv.org/abs/2509.13313,https://arxiv.org/abs/2509.13313,https://arxiv.org/abs/2509.13313,https://arxiv.org/abs/2509.13313
Sculptor,text,no scale claim — research,LLM-arbitrate (active context management),no data — searched arxiv.org/abs/2508.04664; author affiliations not found in preview,https://arxiv.org/abs/2508.04664,https://arxiv.org/abs/2508.04664,https://arxiv.org/abs/2508.04664,https://arxiv.org/abs/2508.04664
MemAgent,text,no scale claim — research,LLM-arbitrate (RL-based),no data — searched arxiv.org/abs/2507.02259; author affiliations not found in preview,https://arxiv.org/abs/2507.02259,https://arxiv.org/abs/2507.02259,https://arxiv.org/abs/2507.02259,https://arxiv.org/abs/2507.02259
MemoBrain,text,no scale claim — research,LLM-arbitrate (dependency-aware compaction),no data — searched arxiv.org/abs/2601.08079; author affiliations not found in preview,https://arxiv.org/abs/2601.08079,https://arxiv.org/abs/2601.08079,https://arxiv.org/abs/2601.08079,https://arxiv.org/abs/2601.08079
ARMT (Associative RMT),text,no scale claim — research,not applicable (architectural memory — no user write path),no data — searched arxiv.org/abs/2407.04841; author affiliations not found in preview,https://arxiv.org/abs/2407.04841,https://arxiv.org/abs/2407.04841,https://arxiv.org/abs/2407.04841,https://arxiv.org/abs/2407.04841
Infini-attention,text,infinite via streaming (compressive; no hard cap),not applicable (architectural; compression evicts old tokens),Google; arxiv 2404.07143,https://arxiv.org/abs/2404.07143,https://arxiv.org/abs/2404.07143,https://arxiv.org/abs/2404.07143,https://arxiv.org/abs/2404.07143
TransformerFAM,text,no scale claim — research (working memory architectural),not applicable (architectural; no user write path),Google; arxiv 2404.09173,https://arxiv.org/abs/2404.09173,https://arxiv.org/abs/2404.09173,https://arxiv.org/abs/2404.09173,https://arxiv.org/abs/2404.09173
ATLAS,text,no scale claim — research,not applicable (architectural memory module),no data — searched arxiv.org/abs/2505.23735; author affiliations not found in preview,https://arxiv.org/abs/2505.23735,https://arxiv.org/abs/2505.23735,https://arxiv.org/abs/2505.23735,https://arxiv.org/abs/2505.23735
LongMem,text,no scale claim — research,not applicable (architectural SideNet memory bank),no data — searched arxiv.org/abs/2306.07174; author affiliations not found in preview,https://arxiv.org/abs/2306.07174,https://arxiv.org/abs/2306.07174,https://arxiv.org/abs/2306.07174,https://arxiv.org/abs/2306.07174
MemLong,text,no scale claim — research,not applicable (architectural retrieval-causal attention),no data — searched arxiv.org/abs/2408.16039; author affiliations not found in preview,https://arxiv.org/abs/2408.16039,https://arxiv.org/abs/2408.16039,https://arxiv.org/abs/2408.16039,https://arxiv.org/abs/2408.16039
EM-LLM,text,no scale claim — research,not applicable (architectural KV partition),no data — searched arxiv.org/abs/2407.09450; author affiliations not found in preview,https://arxiv.org/abs/2407.09450,https://arxiv.org/abs/2407.09450,https://arxiv.org/abs/2407.09450,https://arxiv.org/abs/2407.09450
NVIDIA Nemotron 3,text,1M-token context (vendor claim),not applicable (architectural hybrid; no user write path),NVIDIA Research; arxiv 2512.20856,https://arxiv.org/abs/2512.20856,https://arxiv.org/abs/2512.20856,https://arxiv.org/abs/2512.20856,https://arxiv.org/abs/2512.20856
ShadowKV (ByteDance),text,no scale claim — research,not applicable (KV cache compression; no user write path),ByteDance Seed; arxiv 2410.21465,https://arxiv.org/abs/2410.21465,https://arxiv.org/abs/2410.21465,https://arxiv.org/abs/2410.21465,https://arxiv.org/abs/2410.21465
IBM Meta-Tokens,text,no scale claim — research,not applicable (context compression; no user write path),IBM Research; arxiv 2506.00307,https://arxiv.org/abs/2506.00307,https://arxiv.org/abs/2506.00307,https://arxiv.org/abs/2506.00307,https://arxiv.org/abs/2506.00307
MemoryLLM (original),text,no scale claim — research (1B-parameter memory pool),not applicable (architectural in-weights pool),no data — searched arxiv.org/abs/2402.04624; author affiliations not found in preview,https://arxiv.org/abs/2402.04624,https://arxiv.org/abs/2402.04624,https://arxiv.org/abs/2402.04624,https://arxiv.org/abs/2402.04624
SELF-PARAM,text,no scale claim — research,not applicable (KL-distillation into parameters),no data — searched arxiv.org/abs/2410.00487; author affiliations not found in preview,https://arxiv.org/abs/2410.00487,https://arxiv.org/abs/2410.00487,https://arxiv.org/abs/2410.00487,https://arxiv.org/abs/2410.00487
MemLoRA,text,no scale claim — research,not applicable (distilled adapters; parametric),no data — searched arxiv.org/abs/2512.04763; author affiliations not found in preview,https://arxiv.org/abs/2512.04763,https://arxiv.org/abs/2512.04763,https://arxiv.org/abs/2512.04763,https://arxiv.org/abs/2512.04763
Larimar,text,no scale claim — research,overwrite (one-shot knowledge update; selective forgetting),IBM Research; arxiv 2403.11901,https://arxiv.org/abs/2403.11901,https://arxiv.org/abs/2403.11901,https://arxiv.org/abs/2403.11901,https://arxiv.org/abs/2403.11901
Memory Decoder,text,no scale claim — research,not applicable (pretrained plug-and-play; parametric),no data — searched arxiv.org/abs/2508.09874; author affiliations not found in preview,https://arxiv.org/abs/2508.09874,https://arxiv.org/abs/2508.09874,https://arxiv.org/abs/2508.09874,https://arxiv.org/abs/2508.09874
MLP Memory,text,no scale claim — research,not applicable (retriever-pretrained external; parametric),no data — searched arxiv.org/abs/2508.01832; author affiliations not found in preview,https://arxiv.org/abs/2508.01832,https://arxiv.org/abs/2508.01832,https://arxiv.org/abs/2508.01832,https://arxiv.org/abs/2508.01832
ELDER,text,no scale claim — research (AAAI 2025),LLM-arbitrate (LoRA-mixing),no data — no URL in landscape HTML; searched AAAI 2025 ELDER mixture LoRA editing,no data,no data,no data,no data
WISE,text,no scale claim — research (NeurIPS 2024),LLM-arbitrate (knowledge memory),no data — no URL in landscape HTML; searched NeurIPS 2024 WISE lifelong model editing,no data,no data,no data,no data
SDM Activations,text,no scale claim — research,not applicable (activation-level architectural),no data — searched arxiv.org/abs/2509.12760; author affiliations not found in preview,https://arxiv.org/abs/2509.12760,https://arxiv.org/abs/2509.12760,https://arxiv.org/abs/2509.12760,https://arxiv.org/abs/2509.12760
M+ (MemoryLLM),text,no scale claim — research,not applicable (architectural latent memory pool),no data — searched arxiv.org/abs/2502.00592; author affiliations not found in preview,https://arxiv.org/abs/2502.00592,https://arxiv.org/abs/2502.00592,https://arxiv.org/abs/2502.00592,https://arxiv.org/abs/2502.00592
Memory³,text,no scale claim — research,not applicable (architectural explicit memory),no data — searched arxiv.org/abs/2407.01178; author affiliations not found in preview,https://arxiv.org/abs/2407.01178,https://arxiv.org/abs/2407.01178,https://arxiv.org/abs/2407.01178,https://arxiv.org/abs/2407.01178
MemGen,text,no scale claim — research,LLM-arbitrate (generative latent),no data — searched arxiv.org/abs/2509.24704; author affiliations not found in preview,https://arxiv.org/abs/2509.24704,https://arxiv.org/abs/2509.24704,https://arxiv.org/abs/2509.24704,https://arxiv.org/abs/2509.24704
MEM1,text,no scale claim — research,LLM-arbitrate (synergised),NUS / Singapore; arxiv 2506.15841,https://arxiv.org/abs/2506.15841,https://arxiv.org/abs/2506.15841,https://arxiv.org/abs/2506.15841,https://arxiv.org/abs/2506.15841
RazorAttention,text,no scale claim — research,not applicable (KV-cache compression; no user write),no data — searched openreview.net/forum?id=tkiZQlL04w; author affiliations not found in preview,https://openreview.net/forum?id=tkiZQlL04w,https://openreview.net/forum?id=tkiZQlL04w,https://openreview.net/forum?id=tkiZQlL04w,https://openreview.net/forum?id=tkiZQlL04w
SnapKV,text,no scale claim — research (NeurIPS 2024),not applicable (KV-cache pre-selection; no user write),no data — no URL in landscape HTML; searched NeurIPS 2024 SnapKV KV cache,no data,no data,no data,no data
SoftCoT,text,no scale claim — research (ACL 2025),not applicable (soft chain-of-thought; no external memory),no data — searched aclanthology.org/2025.acl-long.1137; author affiliations not found in preview,https://aclanthology.org/2025.acl-long.1137/,https://aclanthology.org/2025.acl-long.1137/,https://aclanthology.org/2025.acl-long.1137/,https://aclanthology.org/2025.acl-long.1137/
H2O,text,no scale claim — research (NeurIPS 2023),not applicable (KV eviction; no user write),no data — no URL in landscape HTML; searched NeurIPS 2023 H2O heavy-hitter oracle,no data,no data,no data,no data
Memformer,text,no scale claim — research,not applicable (architectural external KV; trained),no data — no URL in landscape HTML; searched Memformer external KV memory replay,no data,no data,no data,no data
MATTER,text,no scale claim — research,not applicable (fixed-length neural memories; trained),no data — searched arxiv.org/abs/2406.04670; author affiliations not found in preview,https://arxiv.org/abs/2406.04670,https://arxiv.org/abs/2406.04670,https://arxiv.org/abs/2406.04670,https://arxiv.org/abs/2406.04670
MemReasoner,text,no scale claim — research (NeurIPS 2024),not applicable (architectural latent GRU memory; trained),IBM Research; openreview.net/forum?id=ODcMy97cVZ,https://openreview.net/forum?id=ODcMy97cVZ,https://openreview.net/forum?id=ODcMy97cVZ,https://openreview.net/forum?id=ODcMy97cVZ,https://openreview.net/forum?id=ODcMy97cVZ
CDMem,text,no scale claim — research (NAACL 2025),LLM-arbitrate (3-stage encoding),no data — searched aclanthology.org/2025.naacl-industry.80; author affiliations not found in preview,https://aclanthology.org/2025.naacl-industry.80/,https://aclanthology.org/2025.naacl-industry.80/,https://aclanthology.org/2025.naacl-industry.80/,https://aclanthology.org/2025.naacl-industry.80/
Transformer²,text,no scale claim — research,LLM-arbitrate (SVD + expert blending),no data — searched arxiv.org/abs/2501.06252; author affiliations not found in preview,https://arxiv.org/abs/2501.06252,https://arxiv.org/abs/2501.06252,https://arxiv.org/abs/2501.06252,https://arxiv.org/abs/2501.06252
NAMMs,text,no scale claim — research,not applicable (evolution-trained KV; architectural),Sakana AI; arxiv 2410.13166,https://arxiv.org/abs/2410.13166,https://arxiv.org/abs/2410.13166,https://arxiv.org/abs/2410.13166,https://arxiv.org/abs/2410.13166
Memory Layers at Scale,text,no scale claim — research,not applicable (trainable KV layers; architectural),Meta FAIR; arxiv 2412.09764,https://arxiv.org/abs/2412.09764,https://arxiv.org/abs/2412.09764,https://arxiv.org/abs/2412.09764,https://arxiv.org/abs/2412.09764
MemBART,text,no scale claim — research,not applicable (architectural memory states across turns),no data — no URL in landscape HTML; searched MemBART dialogue memory states; no source found,no data,no data,no data,no data
AiT (Associative Transformer),text,no scale claim — research,not applicable (Hopfield low-rank architectural memory),no data — searched arxiv.org/abs/2309.12862; author affiliations not found in preview,https://arxiv.org/abs/2309.12862,https://arxiv.org/abs/2309.12862,https://arxiv.org/abs/2309.12862,https://arxiv.org/abs/2309.12862
Memformers (gradient memory),text,no scale claim — research,not applicable (past-gradient registers; architectural),no data — no URL in landscape HTML; searched gradient memory Memformers; no source found,no data,no data,no data,no data
WorkMATe,text,no scale claim — research (PLOS ONE),not applicable (RL-gated architectural slots),Kruijne et al. — Vrije Universiteit Amsterdam; PLOS ONE 2025,https://journals.plos.org/plosone/article?id=10.1371/journal.pone.0316453,https://journals.plos.org/plosone/article?id=10.1371/journal.pone.0316453,https://journals.plos.org/plosone/article?id=10.1371/journal.pone.0316453,https://journals.plos.org/plosone/article?id=10.1371/journal.pone.0316453
V-JEPA 2,video + image,no scale claim — research,not applicable (self-supervised world model; no write path),Meta FAIR; arxiv 2506.09985,https://arxiv.org/abs/2506.09985,https://arxiv.org/abs/2506.09985,https://arxiv.org/abs/2506.09985,https://arxiv.org/abs/2506.09985
Dreamer 4,image + sensor,no scale claim — research,not applicable (world-model RL; no external write path),Danijar Hafner (Google DeepMind) + Jiuqi Yan; arxiv 2509.24527,https://arxiv.org/abs/2509.24527,https://arxiv.org/abs/2509.24527,https://arxiv.org/abs/2509.24527,https://arxiv.org/abs/2509.24527
R2I,image + sensor,no scale claim — research,not applicable (model-based RL; no external write path),no data — searched arxiv.org/abs/2403.04253; author affiliations not found in preview,https://arxiv.org/abs/2403.04253,https://arxiv.org/abs/2403.04253,https://arxiv.org/abs/2403.04253,https://arxiv.org/abs/2403.04253
V-JEPA (original),video + image,no scale claim — research,not applicable (self-supervised world model; no write path),Meta AI; arxiv 2404.08471,https://arxiv.org/abs/2404.08471,https://arxiv.org/abs/2404.08471,https://arxiv.org/abs/2404.08471,https://arxiv.org/abs/2404.08471
PWM (Policy Learning with Large World Models),image + sensor,no scale claim — research,not applicable (world-model RL; no external write path),no data — searched arxiv.org/abs/2407.02466; author affiliations not found in preview,https://arxiv.org/abs/2407.02466,https://arxiv.org/abs/2407.02466,https://arxiv.org/abs/2407.02466,https://arxiv.org/abs/2407.02466
RIKEN Tensor Decomposition Incremental Learning,image,no scale claim — research (ICML 2025),not applicable (continual learning compression; no external write path),RIKEN Center for Advanced Intelligence Project (AIP); ICML 2025,https://icml.cc/virtual/2025/poster/44196,https://icml.cc/virtual/2025/poster/44196,https://icml.cc/virtual/2025/poster/44196,https://icml.cc/virtual/2025/poster/44196
CL of LLMs Survey,text,no scale claim — survey paper (ACM Computing Surveys),not applicable (survey; no system implementation),no data — searched dl.acm.org/doi/10.1145/3735633; author affiliations not found in preview,https://dl.acm.org/doi/10.1145/3735633,https://dl.acm.org/doi/10.1145/3735633,https://dl.acm.org/doi/10.1145/3735633,https://dl.acm.org/doi/10.1145/3735633
FOREVER,text,no scale claim — research,LLM-arbitrate (replay + regularisation),no data — searched arxiv.org/abs/2601.03938; author affiliations not found in preview,https://arxiv.org/abs/2601.03938,https://arxiv.org/abs/2601.03938,https://arxiv.org/abs/2601.03938,https://arxiv.org/abs/2601.03938
SERS,text,no scale claim — research,LLM-arbitrate (Wasserstein-distance regulariser),no data — searched openreview.net/forum?id=jR1lvwexLt; author affiliations not found in preview,https://openreview.net/forum?id=jR1lvwexLt,https://openreview.net/forum?id=jR1lvwexLt,https://openreview.net/forum?id=jR1lvwexLt,https://openreview.net/forum?id=jR1lvwexLt
EMU (Efficient Episodic Memory Utilization),text,no scale claim — research,LLM-arbitrate (selective promotion),no data — searched arxiv.org/abs/2403.01112; author affiliations not found in preview,https://arxiv.org/abs/2403.01112,https://arxiv.org/abs/2403.01112,https://arxiv.org/abs/2403.01112,https://arxiv.org/abs/2403.01112
HAMI,text,no scale claim — research (Nature Scientific Reports 2025),LLM-arbitrate (hierarchical refinement),Nature Scientific Reports 2025; no affiliation found at nature.com/articles/s41598-025-10586-x in preview,https://www.nature.com/articles/s41598-025-10586-x,https://www.nature.com/articles/s41598-025-10586-x,https://www.nature.com/articles/s41598-025-10586-x,https://www.nature.com/articles/s41598-025-10586-x
LLM-ACTR / Cognitive LLMs,text,no scale claim — research,not applicable (ACT-R buffers injected; no external write),no data — searched arxiv.org/abs/2408.09176; author affiliations not found in preview,https://arxiv.org/abs/2408.09176,https://arxiv.org/abs/2408.09176,https://arxiv.org/abs/2408.09176,https://arxiv.org/abs/2408.09176
Human-Like Remembering and Forgetting,text,no scale claim — research (ACM CHI 2025),LLM-arbitrate (ACT-R base-level activation scoring),ACM CHI 2025; no affiliation found at dl.acm.org/doi/10.1145/3765766.3765803 in preview,https://dl.acm.org/doi/10.1145/3765766.3765803,https://dl.acm.org/doi/10.1145/3765766.3765803,https://dl.acm.org/doi/10.1145/3765766.3765803,https://dl.acm.org/doi/10.1145/3765766.3765803
SYNAPSE,text,no scale claim — research,LLM-arbitrate (spreading-activation graph),no data — searched arxiv.org/abs/2601.02744; author affiliations not found in preview,https://arxiv.org/abs/2601.02744,https://arxiv.org/abs/2601.02744,https://arxiv.org/abs/2601.02744,https://arxiv.org/abs/2601.02744
HeLa-Mem,text,no scale claim — research,LLM-arbitrate (Hebbian distillation + consolidation),no data — searched arxiv.org/abs/2604.16839; author affiliations not found in preview,https://arxiv.org/abs/2604.16839,https://arxiv.org/abs/2604.16839,https://arxiv.org/abs/2604.16839,https://arxiv.org/abs/2604.16839
NL2GenSym,text,no scale claim — research,LLM-arbitrate (production-rule generation),no data — searched arxiv.org/abs/2510.09355; author affiliations not found in preview,https://arxiv.org/abs/2510.09355,https://arxiv.org/abs/2510.09355,https://arxiv.org/abs/2510.09355,https://arxiv.org/abs/2510.09355
AriGraph,text,no scale claim — research,LLM-arbitrate (dual-layer KG),no data — searched arxiv.org/abs/2407.04363; author affiliations not found in preview,https://arxiv.org/abs/2407.04363,https://arxiv.org/abs/2407.04363,https://arxiv.org/abs/2407.04363,https://arxiv.org/abs/2407.04363
Dual-Process Agent (DPA),text,no scale claim — research (MDPI Electronics 2025),LLM-arbitrate (System 2 consensus write),MDPI Electronics 2025; no affiliation found at mdpi.com/2079-9292/15/6/1232 in preview,https://www.mdpi.com/2079-9292/15/6/1232,https://www.mdpi.com/2079-9292/15/6/1232,https://www.mdpi.com/2079-9292/15/6/1232,https://www.mdpi.com/2079-9292/15/6/1232
Episodic Memory Is the Missing Piece,text,no scale claim — position paper,not applicable (position paper; no system implementation),Pink et al. — no affiliation found; searched arxiv.org/abs/2502.06975,https://arxiv.org/abs/2502.06975,https://arxiv.org/abs/2502.06975,https://arxiv.org/abs/2502.06975,https://arxiv.org/abs/2502.06975
LazyGraphRAG,text,no scale claim — research / Microsoft GraphRAG variant,not applicable (read-only retrieval; no write path),Microsoft Research (GraphRAG team),https://github.com/microsoft/graphrag/discussions/1490,https://github.com/microsoft/graphrag/discussions/1490,https://github.com/microsoft/graphrag/discussions/1490,https://github.com/microsoft/graphrag/discussions/1490
PathRAG,text,no scale claim — research,not applicable (read-only path retrieval),BUPT GAMMA Lab; no individual authors found at github.com/BUPT-GAMMA/PathRAG,https://github.com/BUPT-GAMMA/PathRAG,https://github.com/BUPT-GAMMA/PathRAG,https://github.com/BUPT-GAMMA/PathRAG,https://github.com/BUPT-GAMMA/PathRAG
RouteRAG,text,no scale claim — research,not applicable (RL-routed retrieval; no persistent write),no data — searched arxiv.org/abs/2512.09487; author affiliations not found in preview,https://arxiv.org/abs/2512.09487,https://arxiv.org/abs/2512.09487,https://arxiv.org/abs/2512.09487,https://arxiv.org/abs/2512.09487
GraphRAFT,text,no scale claim — research,not applicable (RAG fine-tuning over KG; no runtime write),no data — searched arxiv.org/abs/2504.05478; author affiliations not found in preview,https://arxiv.org/abs/2504.05478,https://arxiv.org/abs/2504.05478,https://arxiv.org/abs/2504.05478,https://arxiv.org/abs/2504.05478
Beyond RAG for Agent Memory,text,no scale claim — research,LLM-arbitrate (semantic unit decomposition),no data — searched arxiv.org/abs/2602.02007; author affiliations not found in preview,https://arxiv.org/abs/2602.02007,https://arxiv.org/abs/2602.02007,https://arxiv.org/abs/2602.02007,https://arxiv.org/abs/2602.02007
Generative Semantic Workspace (GSW),text,no scale claim — research,LLM-arbitrate (Reconciler integration),no data — searched arxiv.org/abs/2511.07587; author affiliations not found in preview,https://arxiv.org/abs/2511.07587,https://arxiv.org/abs/2511.07587,https://arxiv.org/abs/2511.07587,https://arxiv.org/abs/2511.07587
TC-RAG,text,no scale claim — research,not applicable (Turing-complete state variables; read-only),no data — searched arxiv.org/abs/2408.09199; author affiliations not found in preview,https://arxiv.org/abs/2408.09199,https://arxiv.org/abs/2408.09199,https://arxiv.org/abs/2408.09199,https://arxiv.org/abs/2408.09199
Speculative RAG,text,no scale claim — research,not applicable (read-only retrieval + verification),Google DeepMind; arxiv 2407.08223,https://arxiv.org/abs/2407.08223,https://arxiv.org/abs/2407.08223,https://arxiv.org/abs/2407.08223,https://arxiv.org/abs/2407.08223
StructRAG,text,no scale claim — research,not applicable (read-only structured retrieval),no data — searched arxiv.org/abs/2410.08815; author affiliations not found in preview,https://arxiv.org/abs/2410.08815,https://arxiv.org/abs/2410.08815,https://arxiv.org/abs/2410.08815,https://arxiv.org/abs/2410.08815
HiRAG,text,no scale claim — research,not applicable (read-only hierarchical KG retrieval),no data — searched arxiv.org/abs/2503.10150; author affiliations not found in preview,https://arxiv.org/abs/2503.10150,https://arxiv.org/abs/2503.10150,https://arxiv.org/abs/2503.10150,https://arxiv.org/abs/2503.10150
LongRAG,text,corpus: NQ 22M→600K units; HotpotQA 5M→500K units (research claim),not applicable (read-only retrieval),no data — searched arxiv.org/abs/2406.15319; author affiliations not found in preview,https://arxiv.org/abs/2406.15319,https://arxiv.org/abs/2406.15319,https://arxiv.org/abs/2406.15319,https://arxiv.org/abs/2406.15319
Multi-Head RAG (MHRAG),text,no scale claim — research,not applicable (read-only multi-aspect retrieval),no data — searched arxiv.org/abs/2406.05085; author affiliations not found in preview,https://arxiv.org/abs/2406.05085,https://arxiv.org/abs/2406.05085,https://arxiv.org/abs/2406.05085,https://arxiv.org/abs/2406.05085
ChunkRAG,text,no scale claim — research,not applicable (read-only chunk-level filtering),no data — searched arxiv.org/abs/2410.19572; author affiliations not found in preview,https://arxiv.org/abs/2410.19572,https://arxiv.org/abs/2410.19572,https://arxiv.org/abs/2410.19572,https://arxiv.org/abs/2410.19572
AutoRAG,text,no scale claim — research,not applicable (AutoML pipeline selection; no persistent write),no data — searched arxiv.org/abs/2410.20878; author affiliations not found in preview,https://arxiv.org/abs/2410.20878,https://arxiv.org/abs/2410.20878,https://arxiv.org/abs/2410.20878,https://arxiv.org/abs/2410.20878
WeKnow-RAG,text,no scale claim — research,not applicable (read-only web + KG retrieval),no data — searched arxiv.org/abs/2408.07611; author affiliations not found in preview,https://arxiv.org/abs/2408.07611,https://arxiv.org/abs/2408.07611,https://arxiv.org/abs/2408.07611,https://arxiv.org/abs/2408.07611
Atlas,text,26.8M Wikipedia documents (research corpus),not applicable (retriever + LM fine-tuning; no persistent write at inference),Meta AI; arxiv 2208.03299,https://arxiv.org/abs/2208.03299,https://arxiv.org/abs/2208.03299,https://arxiv.org/abs/2208.03299,https://arxiv.org/abs/2208.03299
CLAUDE.md,text,no scale claim — single markdown file per project,manual (git-versioned; human edits),Anthropic (CLAUDE.md pattern),https://docs.claude.com/en/docs/claude-code/memory,https://docs.claude.com/en/docs/claude-code/memory,https://docs.claude.com/en/docs/claude-code/memory,https://docs.claude.com/en/docs/claude-code/memory
Cursor Rules,text,no scale claim — files at IDE scale (Turbopuffer-backed),manual (file-based; human edits),Anysphere Inc. (Cursor) — ex-OpenAI / MIT founders; a16z-backed,https://docs.cursor.com/context/rules,https://docs.cursor.com/context/rules,https://docs.cursor.com/context/rules,https://docs.cursor.com/context/rules
Windsurf Rules & Memories,text,~100K-token effective context (vendor claim),LLM-arbitrate (Cascade auto-generated memories),"Codeium (Varun Mohan & Douglas Chen, co-founders; ex-NVIDIA; General Catalyst-backed)",https://docs.windsurf.com/windsurf/cascade/memories,https://docs.windsurf.com/windsurf/cascade/memories,https://docs.windsurf.com/windsurf/cascade/memories,https://docs.windsurf.com/windsurf/cascade/memories
AGENTS.md,text,no scale claim — hierarchical markdown files,manual (git-versioned; human edits),Open standard (community-driven); no single founding org,https://agents.md/,https://agents.md/,https://agents.md/,https://agents.md/
GitHub Copilot custom instructions,text,no scale claim — markdown files in repo,manual (git-versioned; human edits),GitHub / Microsoft,https://docs.github.com/copilot/customizing-copilot/adding-custom-instructions-for-github-copilot,https://docs.github.com/copilot/customizing-copilot/adding-custom-instructions-for-github-copilot,https://docs.github.com/copilot/customizing-copilot/adding-custom-instructions-for-github-copilot,https://docs.github.com/copilot/customizing-copilot/adding-custom-instructions-for-github-copilot
Aider CONVENTIONS.md / .aider.conf.yml,text,no scale claim — markdown / YAML config files,manual (file-based; human edits),Paul Gauthier (founder; ex-Google SWE); open-source / indie,https://aider.chat/docs/usage/conventions.html,https://aider.chat/docs/usage/conventions.html,https://aider.chat/docs/usage/conventions.html,https://aider.chat/docs/usage/conventions.html
Cline .clinerules,text,no scale claim — markdown files in repo,manual (git-versioned; AI-editable),"Cline (Saoud Rizwan, founder; open-source; ex-indie developer; VS Code extension)",https://cline.bot/blog/clinerules-version-controlled-shareable-and-ai-editable-instructions,https://cline.bot/blog/clinerules-version-controlled-shareable-and-ai-editable-instructions,https://cline.bot/blog/clinerules-version-controlled-shareable-and-ai-editable-instructions,https://cline.bot/blog/clinerules-version-controlled-shareable-and-ai-editable-instructions
Cline Memory Bank,text,no scale claim — markdown directory (~6 standard files),manual (human-curated markdown),"Cline (Saoud Rizwan, founder; open-source)",https://docs.cline.bot/features/memory-bank,https://docs.cline.bot/features/memory-bank,https://docs.cline.bot/features/memory-bank,https://docs.cline.bot/features/memory-bank
Roo Code .roorules,text,no scale claim — markdown files,manual (file-based; human edits),Roo Code (open-source VS Code extension; community-maintained),https://docs.roocode.com/features/custom-instructions,https://docs.roocode.com/features/custom-instructions,https://docs.roocode.com/features/custom-instructions,https://docs.roocode.com/features/custom-instructions
Continue.dev .continue/rules,text,no scale claim — markdown files,manual (file-based; lexicographic load),"Continue.dev (Ty Dunn & Nate Sesti, co-founders; ex-Palantir; YC S23)",https://docs.continue.dev/customize/deep-dives/rules,https://docs.continue.dev/customize/deep-dives/rules,https://docs.continue.dev/customize/deep-dives/rules,https://docs.continue.dev/customize/deep-dives/rules
Zed .rules,text,no scale claim — single markdown file,manual (file-based; human edits),"Zed Industries (Nathan Sobo & Antonio Scandurra, co-founders; ex-GitHub Atom; a16z-backed)",https://zed.dev/docs/ai/rules,https://zed.dev/docs/ai/rules,https://zed.dev/docs/ai/rules,https://zed.dev/docs/ai/rules
Replit replit.md,text,no scale claim — single markdown file per project,manual (file-based; human edits),"Replit (Amjad Masad & Haya Odeh, co-founders; Y Combinator; a16z / Andreessen-backed)",https://docs.replit.com/replitai/replit-dot-md,https://docs.replit.com/replitai/replit-dot-md,https://docs.replit.com/replitai/replit-dot-md,https://docs.replit.com/replitai/replit-dot-md
Sourcegraph Cody — cody.json,text,no scale claim — JSON file per workspace,manual (file-based; human edits),"Sourcegraph (Quinn Slack & Beyang Liu, co-founders; a16z-backed)",https://docs.sourcegraph.com/cody/custom-commands,https://docs.sourcegraph.com/cody/custom-commands,https://docs.sourcegraph.com/cody/custom-commands,https://docs.sourcegraph.com/cody/custom-commands
Claude Code auto-memory,text,no scale claim — markdown files per project,append (no resolution — files accumulate; human can edit),Anthropic,https://docs.claude.com/en/docs/claude-code/memory,https://docs.claude.com/en/docs/claude-code/memory,https://docs.claude.com/en/docs/claude-code/memory,https://docs.claude.com/en/docs/claude-code/memory
Superpowers episodic-memory plugin,text,no scale claim — per-project SQLite index,not applicable (read-only search over past sessions),obra (Jeremy Penner / open-source community),https://github.com/obra/episodic-memory,https://github.com/obra/episodic-memory,https://github.com/obra/episodic-memory,https://github.com/obra/episodic-memory
claude-mem,text,no scale claim — SQLite + FTS5 per project,append (no resolution — compression logs),thedotmack (open-source; no institutional affiliation),https://github.com/thedotmack/claude-mem,https://github.com/thedotmack/claude-mem,https://github.com/thedotmack/claude-mem,https://github.com/thedotmack/claude-mem
Mem0 MCP (official),text,cloud-managed; no published per-user cap,LLM-arbitrate,Mem0 (YC S24; Taranjeet Singh & Deshraj Yadav),https://github.com/mem0ai/mem0-mcp,https://github.com/mem0ai/mem0-mcp,https://github.com/mem0ai/mem0-mcp,https://github.com/mem0ai/mem0-mcp
Graphiti MCP Server (Zep),text,no scale claim — local graph (no upper bound stated),bi-temporal versioning,Zep AI (YC W24; Daniel Chalef),https://www.getzep.com/product/knowledge-graph-mcp,https://www.getzep.com/product/knowledge-graph-mcp,https://www.getzep.com/product/knowledge-graph-mcp,https://www.getzep.com/product/knowledge-graph-mcp
mcp-memory-service (doobidoo),text,no scale claim — SQLite-Vec / Cloudflare Vectorize,LLM-arbitrate (autonomous consolidation),doobidoo (open-source; no institutional affiliation),https://github.com/doobidoo/mcp-memory-service,https://github.com/doobidoo/mcp-memory-service,https://github.com/doobidoo/mcp-memory-service,https://github.com/doobidoo/mcp-memory-service
OpenMemory MCP,text,no scale claim — local Postgres + Qdrant,LLM-arbitrate,Mem0 (YC S24; Taranjeet Singh & Deshraj Yadav),https://mem0.ai/openmemory,https://mem0.ai/openmemory,https://mem0.ai/openmemory,https://mem0.ai/openmemory
Cognee MCP,text,no scale claim — local vector + graph DB,LLM-arbitrate,Cognee (EU startup; Vasilije Markovic & Boris Arzentar),https://github.com/topoteretes/cognee,https://github.com/topoteretes/cognee,https://github.com/topoteretes/cognee,https://github.com/topoteretes/cognee
Hindsight MCP,text,no scale claim — local vector store,LLM-arbitrate,Vectorize / Hindsight (True Ventures; Chris Latimer & Chris Bartholomew),https://hindsight.vectorize.io/developer/mcp-server,https://hindsight.vectorize.io/developer/mcp-server,https://hindsight.vectorize.io/developer/mcp-server,https://hindsight.vectorize.io/developer/mcp-server
Memobase MCP,text,no scale claim — Postgres + Redis,LLM-arbitrate,Memobase (open-source; no institutional affiliation found),https://github.com/memodb-io/memobase,https://github.com/memodb-io/memobase,https://github.com/memodb-io/memobase,https://github.com/memodb-io/memobase
claude-supermemory,text,cloud-managed; no published per-user cap,LLM-arbitrate,"Supermemory (Dhravya Shah, solo founder; 19; Google AI-backed)",https://github.com/supermemoryai/claude-supermemory,https://github.com/supermemoryai/claude-supermemory,https://github.com/supermemoryai/claude-supermemory,https://github.com/supermemoryai/claude-supermemory
mcp-memory (Puliczek),text,no scale claim — Cloudflare Vectorize D1,LLM-arbitrate,Puliczek (open-source; no institutional affiliation),https://github.com/Puliczek/mcp-memory,https://github.com/Puliczek/mcp-memory,https://github.com/Puliczek/mcp-memory,https://github.com/Puliczek/mcp-memory
local-memory-mcp,text,no scale claim — SQLite + FTS5 per user,append (no resolution — decision-log accumulates),studiomeyer-io (open-source; no institutional affiliation),https://github.com/studiomeyer-io/local-memory-mcp,https://github.com/studiomeyer-io/local-memory-mcp,https://github.com/studiomeyer-io/local-memory-mcp,https://github.com/studiomeyer-io/local-memory-mcp
claude-brain,text,single .mv2 file (no upper bound stated),append (no resolution — Memvid append-only),Memvid project (open-source; no institutional affiliation),https://github.com/memvid/claude-brain,https://github.com/memvid/claude-brain,https://github.com/memvid/claude-brain,https://github.com/memvid/claude-brain
engram,text,no scale claim — SQLite + FTS5 per user,append (no resolution — agent decides what to save),Gentleman-Programming (open-source; no institutional affiliation),https://github.com/Gentleman-Programming/engram,https://github.com/Gentleman-Programming/engram,https://github.com/Gentleman-Programming/engram,https://github.com/Gentleman-Programming/engram
mcp-knowledge-graph,text,no scale claim — local KG files,LLM-arbitrate,shaneholloman (open-source fork of official MCP memory server; no institutional affiliation),https://github.com/shaneholloman/mcp-knowledge-graph,https://github.com/shaneholloman/mcp-knowledge-graph,https://github.com/shaneholloman/mcp-knowledge-graph,https://github.com/shaneholloman/mcp-knowledge-graph
Claude-CursorMemoryMCP,text,no scale claim — PostgreSQL + pgvector,LLM-arbitrate,Angleito (open-source; no institutional affiliation),https://github.com/Angleito/Claude-CursorMemoryMCP,https://github.com/Angleito/Claude-CursorMemoryMCP,https://github.com/Angleito/Claude-CursorMemoryMCP,https://github.com/Angleito/Claude-CursorMemoryMCP
Official MCP Memory server,text,no scale claim — local JSONL file,LLM-arbitrate,Anthropic / Model Context Protocol (Anthropic open-source),https://github.com/modelcontextprotocol/servers/tree/main/src/memory,https://github.com/modelcontextprotocol/servers/tree/main/src/memory,https://github.com/modelcontextprotocol/servers/tree/main/src/memory,https://github.com/modelcontextprotocol/servers/tree/main/src/memory
SearchUnify,text,internal — undisclosed enterprise scale,none specified (editorial governance via KCS),"SearchUnify (Vishal Sharma, founder; enterprise search; privately held)",https://www.searchunify.com/,https://www.searchunify.com/,https://www.searchunify.com/,https://www.searchunify.com/
Clarivate,text,Web of Science: 160M+ records (vendor-stated),manual (human editorial governance),Clarivate plc (public company; formerly Thomson Reuters IP & Science; NYSE: CLVT),https://clarivate.com/,https://clarivate.com/,https://clarivate.com/,https://clarivate.com/
Coveo,text,internal — undisclosed enterprise scale,not applicable (RAG-as-a-Service; read-only at query time),"Coveo (Louis Têtu, CEO/co-founder; ex-Taleo; NYSE: CVO; Quebec-based)",https://www.coveo.com,https://www.coveo.com,https://www.coveo.com,https://www.coveo.com
Sinequa,text,internal — undisclosed enterprise scale (Fortune 500 deployments),not applicable (read-only hybrid retrieval),"Sinequa (Alexandre Bilger, CEO; Paris-based; enterprise software)",https://www.sinequa.com,https://www.sinequa.com,https://www.sinequa.com,https://www.sinequa.com
Mindbreeze InSpire,text,internal — undisclosed enterprise scale,not applicable (read-only entitlement-aware retrieval),"Mindbreeze GmbH (Daniel Fallmann, founder; Linz Austria; Fabasoft spin-off)",https://www.mindbreeze.com,https://www.mindbreeze.com,https://www.mindbreeze.com,https://www.mindbreeze.com
Meilisearch,text + image,no scale claim — open-source; scales with infrastructure,not applicable (read-only search + RAG),"Meilisearch (Clément Renault & Thomas Payet, co-founders; Paris-based; Accel-backed)",https://www.meilisearch.com,https://www.meilisearch.com,https://www.meilisearch.com,https://www.meilisearch.com
Algolia (NeuralSearch),text,internal — undisclosed (enterprise SaaS; large-scale deployments),not applicable (read-only retrieval + personalisation),"Algolia (Nicolas Dessaigne & Julien Lemoine, co-founders; Paris/SF; Accel-backed)",https://www.algolia.com,https://www.algolia.com,https://www.algolia.com,https://www.algolia.com
LabGenius,text + sensor,internal — undisclosed (continuous experiment loop data),not applicable (Design-Build-Test-Learn closed loop; no conflict resolution needed),"LabGenius (James Field, founder/CEO; ex-UCL synthetic biology; London-based)",https://www.labgenius.app/,https://www.labgenius.app/,https://www.labgenius.app/,https://www.labgenius.app/
Eve — Shared Firm Knowledge + Auditor,text,internal — undisclosed (firm-level store; litigation domain),LLM-arbitrate,Eve Legal (no founders named publicly; plaintiff litigation AI; no data from search),https://www.eve.legal/,https://www.eve.legal/,https://www.eve.legal/,https://www.eve.legal/
Quizlet — AI Study Tools / Magic Notes,text + image,internal — undisclosed (500M+ users; vendor-stated),LLM-arbitrate (SRS scheduling per card),"Quizlet (Andrew Sutherland, founder; high-school project origin; General Atlantic-backed; San Francisco)",https://quizlet.com/features/ai-study-tools,https://quizlet.com/features/ai-study-tools,https://quizlet.com/features/ai-study-tools,https://quizlet.com/features/ai-study-tools
Synthesis Tutor,text,internal — undisclosed,not applicable (micro-assessment adaptation; no persistent conflict),"Synthesis (Josh Dahn, co-founder; ex-SpaceX Ad Astra teacher; Josh Hug co-founder; SF-based)",https://www.synthesis.com/tutor,https://www.synthesis.com/tutor,https://www.synthesis.com/tutor,https://www.synthesis.com/tutor
ChatGPT Study Mode,text,internal — undisclosed (ChatGPT Memory backend),LLM-arbitrate (Socratic mode + general ChatGPT Memory),OpenAI,https://openai.com/index/chatgpt-study-mode/,https://openai.com/index/chatgpt-study-mode/,https://openai.com/index/chatgpt-study-mode/,https://openai.com/index/chatgpt-study-mode/
ImplicitMemBench,text,no scale claim — benchmark (300 evaluation items),not applicable (evaluation benchmark),no data — searched arxiv.org/abs/2604.08064; author affiliations not found in preview,https://arxiv.org/abs/2604.08064,https://arxiv.org/abs/2604.08064,https://arxiv.org/abs/2604.08064,https://arxiv.org/abs/2604.08064
MemEvoBench,text,no scale claim — benchmark,not applicable (evaluation benchmark),no data — searched arxiv.org/abs/2604.15774; author affiliations not found in preview,https://arxiv.org/abs/2604.15774,https://arxiv.org/abs/2604.15774,https://arxiv.org/abs/2604.15774,https://arxiv.org/abs/2604.15774
ICLR 2026 MemAgents Workshop,text,not applicable (workshop venue),not applicable (workshop venue),ICLR 2026 organizing committee; hosted at sites.google.com/view/memagent-iclr26,https://sites.google.com/view/memagent-iclr26/,https://sites.google.com/view/memagent-iclr26/,https://sites.google.com/view/memagent-iclr26/,https://sites.google.com/view/memagent-iclr26/
NIAH (Needle in a Haystack),text,tests up to model context-window max (128K+ in practice),not applicable (evaluation benchmark),Greg Kamradt (independent AI researcher); open-source 2023,https://github.com/gkamradt/LLMTest_NeedleInAHaystack,https://github.com/gkamradt/LLMTest_NeedleInAHaystack,https://github.com/gkamradt/LLMTest_NeedleInAHaystack,https://github.com/gkamradt/LLMTest_NeedleInAHaystack
MemoryArena,text,no scale claim — benchmark,not applicable (evaluation benchmark),Stanford Digital Economy Lab et al.; arxiv 2602.16313,https://arxiv.org/abs/2602.16313,https://arxiv.org/abs/2602.16313,https://arxiv.org/abs/2602.16313,https://arxiv.org/abs/2602.16313
MemoryBench (Tsinghua THUIR),text,no scale claim — benchmark,not applicable (evaluation benchmark),Tsinghua THUIR; arxiv 2510.17281,https://arxiv.org/abs/2510.17281,https://arxiv.org/abs/2510.17281,https://arxiv.org/abs/2510.17281,https://arxiv.org/abs/2510.17281
Zep / Graphiti,text,no scale claim — local or managed cloud,bi-temporal versioning,Zep AI (YC W24; Daniel Chalef),https://www.getzep.com/,https://www.getzep.com/,https://www.getzep.com/,https://www.getzep.com/
Mem0 (with AgentOps),text,cloud-managed; no published per-user cap,LLM-arbitrate,Mem0 (YC S24; Taranjeet Singh & Deshraj Yadav),https://mem0.ai/,https://mem0.ai/,https://mem0.ai/,https://mem0.ai/
Ratine,text,not applicable (scanner; no memory storage),not applicable (read-only offline scanner),goweft (open-source; no institutional affiliation),https://github.com/goweft/ratine,https://github.com/goweft/ratine,https://github.com/goweft/ratine,https://github.com/goweft/ratine
AgentOps,text,internal — undisclosed (SaaS observability),not applicable (observability layer; no memory storage),"AgentOps (Alex Reibman, co-founder; YC W24)",https://www.agentops.ai/,https://www.agentops.ai/,https://www.agentops.ai/,https://www.agentops.ai/
LangSmith,text,internal — undisclosed (SaaS observability),not applicable (observability/tracing; no memory storage),"LangChain Inc. (Harrison Chase, co-founder; ex-Robust Intelligence; Sequoia-backed)",https://www.langchain.com/langsmith,https://www.langchain.com/langsmith,https://www.langchain.com/langsmith,https://www.langchain.com/langsmith
Lakera Guard / Lakera Red,text,internal — undisclosed (SaaS; real-time screening),not applicable (security screening; no memory storage),"Lakera AI (David Haber, CEO; Zürich-based; Redpoint Ventures-backed)",https://www.lakera.ai/lakera-guard,https://www.lakera.ai/lakera-guard,https://www.lakera.ai/lakera-guard,https://www.lakera.ai/lakera-guard
OWASP Agent Memory Guard,text,not applicable (policy framework; no memory storage),not applicable (declarative YAML policy framework),OWASP Foundation (open-source; community-maintained),https://owasp.org/www-project-agent-memory-guard/,https://owasp.org/www-project-agent-memory-guard/,https://owasp.org/www-project-agent-memory-guard/,https://owasp.org/www-project-agent-memory-guard/
Microsoft Agent Governance Toolkit,text,internal — undisclosed (enterprise toolkit),LLM-arbitrate (CMVK majority-vote before memory-influenced action),Microsoft Research,https://github.com/microsoft/agent-governance-toolkit,https://github.com/microsoft/agent-governance-toolkit,https://github.com/microsoft/agent-governance-toolkit,https://github.com/microsoft/agent-governance-toolkit
Mem0 Security / OpenMemory,text,cloud-managed; no published per-user cap,LLM-arbitrate,Mem0 (YC S24; Taranjeet Singh & Deshraj Yadav),https://mem0.ai/security,https://mem0.ai/security,https://mem0.ai/security,https://mem0.ai/security
Enkrypt AI,text,internal — undisclosed (SaaS guardrails),not applicable (guardrail/security layer; no memory storage),"Enkrypt AI (Sahil Agarwal, CEO; ex-IBM Research; YC-backed)",https://www.enkryptai.com/platform/capabilities/ai-risk-removal,https://www.enkryptai.com/platform/capabilities/ai-risk-removal,https://www.enkryptai.com/platform/capabilities/ai-risk-removal,https://www.enkryptai.com/platform/capabilities/ai-risk-removal
Acuvity (now Proofpoint),text,internal — undisclosed (enterprise security),not applicable (runtime enforcement; no memory storage),Acuvity (acquired by Proofpoint 2025; enterprise AI security),https://acuvity.ai/ai-runtime-security/,https://acuvity.ai/ai-runtime-security/,https://acuvity.ai/ai-runtime-security/,https://acuvity.ai/ai-runtime-security/
HiddenLayer AISec Platform 2.0,text,internal — undisclosed (enterprise SaaS),not applicable (supply-chain/lineage; no memory storage),"HiddenLayer (Chris Sestito & Tanner Burns, co-founders; Austin TX; IVP-backed)",https://www.hiddenlayer.com/platform,https://www.hiddenlayer.com/platform,https://www.hiddenlayer.com/platform,https://www.hiddenlayer.com/platform
Zep — governance posture,text,no scale claim — bi-temporal KG (same backend as Zep/Graphiti),bi-temporal versioning,Zep AI (YC W24; Daniel Chalef),https://www.getzep.com/product/agent-memory/,https://www.getzep.com/product/agent-memory/,https://www.getzep.com/product/agent-memory/,https://www.getzep.com/product/agent-memory/
Externalization in LLM Agents,text,no scale claim — position/survey paper,not applicable (conceptual; no system implementation),no data — searched arxiv.org/abs/2604.08224; author affiliations not found in preview,https://arxiv.org/abs/2604.08224,https://arxiv.org/abs/2604.08224,https://arxiv.org/abs/2604.08224,https://arxiv.org/abs/2604.08224
Memory as Metabolism,text,no scale claim — position paper,not applicable (conceptual; no system implementation),no data — searched arxiv.org/abs/2604.12034; author affiliations not found in preview,https://arxiv.org/abs/2604.12034,https://arxiv.org/abs/2604.12034,https://arxiv.org/abs/2604.12034,https://arxiv.org/abs/2604.12034
RL-Based Continual Learning as Memory,text,no scale claim — blog/position post,not applicable (conceptual; no system implementation),Cameron Wolfe (independent researcher / Gradient Flow newsletter; ex-Rice University),https://cameronrwolfe.substack.com/p/rl-continual-learning,https://cameronrwolfe.substack.com/p/rl-continual-learning,https://cameronrwolfe.substack.com/p/rl-continual-learning,https://cameronrwolfe.substack.com/p/rl-continual-learning
JEPA Six-Module World Model (informal),text,no scale claim — informal position paper,not applicable (conceptual; no system implementation),Yann LeCun — Meta Chief AI Scientist; NYU; openreview.net/pdf?id=BZ5a1r-kVsf,https://openreview.net/pdf?id=BZ5a1r-kVsf,https://openreview.net/pdf?id=BZ5a1r-kVsf,https://openreview.net/pdf?id=BZ5a1r-kVsf,https://openreview.net/pdf?id=BZ5a1r-kVsf
