system_name,field_name,value,source_url
Mem0,pricing,"Free + paid (free tier; Mem0 Platform paid tiers based on memory operations)",https://mem0.ai/pricing
Mem0,deployment,"Both (cloud-hosted managed + self-hosted Docker)",https://mem0.ai/blog/self-host-mem0-docker
Mem0,hq,"US (San Francisco)",https://www.crunchbase.com/organization/mem0ai
Mem0,compliance,"SOC 2 Type II, HIPAA-ready",https://mem0.ai/security
Mem0,data_handling,"Trains on de-identified/aggregated data per privacy policy; enterprise data controls not publicly detailed",https://mem0.ai/privacy-policy
Mem0,funding,"$24M total; $150M valuation; Series A Oct 2025; investors YC, Peak XV, Basis Set",https://techcrunch.com/2025/10/28/mem0-raises-24m-from-yc-peak-xv-and-basis-set-to-build-the-memory-layer-for-ai-apps/
Mem0,customers,"AWS (exclusive memory provider for Agent SDK); 80k+ developer signups; enterprise unnamed",https://techcrunch.com/2025/10/28/mem0-raises-24m-from-yc-peak-xv-and-basis-set-to-build-the-memory-layer-for-ai-apps/
Mem0,mindshare,"54.9k GitHub stars; +1.6k/mo; 57 HN posts; 12 inbound integrations; 4 press mentions",https://techcrunch.com/2025/10/28/mem0-raises-24m-from-yc-peak-xv-and-basis-set-to-build-the-memory-layer-for-ai-apps/
Mem0,founders,"YC S24; co-founders Taranjeet Singh (built first GPT app store to 1M+ users) and Deshraj Yadav",https://techcrunch.com/2025/10/28/mem0-raises-24m-from-yc-peak-xv-and-basis-set-to-build-the-memory-layer-for-ai-apps/
Mem0,modalities,text,https://docs.mem0.ai/open-source/features/graph-memory
Mem0,volume_claim,"1B+ memories (vendor blog claims); 80k+ developer signups",https://mem0.ai/research
Mem0,conflict_resolution,LLM-arbitrate,https://docs.mem0.ai/open-source/features/graph-memory
Mem0,license,Apache-2.0,https://github.com/mem0ai/mem0/blob/main/LICENSE
Mem0,latest_release,"openclaw-v1.0.11 — 2026-04-29",https://github.com/mem0ai/mem0/releases/tag/openclaw-v1.0.11
Letta / MemGPT,pricing,"Free + paid (Letta Cloud; open-source self-hosted free)",https://www.letta.com/pricing
Letta / MemGPT,deployment,"Both (managed Letta Cloud + self-hosted OSS)",https://docs.letta.com/concepts/memgpt/
Letta / MemGPT,hq,"US (San Francisco)",https://www.letta.com/
Letta / MemGPT,compliance,"no data — searched not found",https://letta.com/
Letta / MemGPT,data_handling,"no data — searched not found",https://letta.com/
Letta / MemGPT,funding,"$10M total; $70M valuation; Seed Sept 2024",https://techcrunch.com/2024/09/23/letta-one-of-uc-berkeleys-most-anticipated-ai-startups-has-just-come-out-of-stealth/
Letta / MemGPT,customers,"~$1M ARR; 11–50 employees; no named enterprise customers disclosed",https://getlatka.com/companies/letta.com
Letta / MemGPT,mindshare,"no data — below detection threshold; 22.5k GitHub stars",https://github.com/letta-ai/letta
Letta / MemGPT,founders,"UC Berkeley Sky Computing Lab spin-off; co-founders Charles Packer and Sarah Wooders (both Berkeley PhD students)",https://techcrunch.com/2024/09/23/letta-one-of-uc-berkeleys-most-anticipated-ai-startups-has-just-come-out-of-stealth/
Letta / MemGPT,modalities,text,https://docs.letta.com/concepts/memgpt/
Letta / MemGPT,volume_claim,"no scale claim publicly stated",https://www.letta.com/blog/benchmarking-ai-agent-memory
Letta / MemGPT,conflict_resolution,LLM-arbitrate,https://docs.letta.com/concepts/memgpt/
Letta / MemGPT,license,Apache-2.0,https://github.com/letta-ai/letta/blob/main/LICENSE
Letta / MemGPT,latest_release,"0.16.7 — 2026-03-31",https://github.com/letta-ai/letta/releases/tag/0.16.7
Zep & Graphiti,pricing,"Free + paid (Zep Cloud; Graphiti OSS free)",https://www.getzep.com/pricing/
Zep & Graphiti,deployment,"Managed-only (Zep Cloud); Graphiti OSS is self-hosted",https://www.getzep.com/product/agent-memory/
Zep & Graphiti,hq,"US",https://www.crunchbase.com/organization/zep-software
Zep & Graphiti,compliance,"SOC 2 Type II; HIPAA BAA available on Enterprise tier",https://www.getzep.com/security/
Zep & Graphiti,data_handling,"Never trains on customer data; BYOK supported; BYOM/BYOC/VPC options available",https://www.getzep.com/security/
Zep & Graphiti,funding,"$3M total Seed (including additional round Apr 2024)",https://bouncewatch.com/explore/startup/zep-ai
Zep & Graphiti,customers,"11–50 employees; no named customers disclosed; 30x infra scale claimed summer 2025",https://www.getzep.com/pricing/
Zep & Graphiti,mindshare,"25.7k GitHub stars; +137/mo; 3 inbound integrations",https://github.com/getzep/graphiti
Zep & Graphiti,founders,"YC W24; founder Daniel Chalef (serial entrepreneur; previously founded KnowledgeTree; ex-SparkPost)",https://www.ycombinator.com/companies/zep-ai
Zep & Graphiti,modalities,text,https://github.com/getzep/graphiti
Zep & Graphiti,volume_claim,"no scale claim publicly stated",https://blog.getzep.com/graphiti-hits-20k-stars-mcp-server-1-0/
Zep & Graphiti,conflict_resolution,"bi-temporal versioning (event time + ingestion time)",https://arxiv.org/abs/2501.13956
Zep & Graphiti,license,Apache-2.0,https://github.com/getzep/graphiti/blob/main/LICENSE
Zep & Graphiti,latest_release,"v0.29.0 — 2026-04-27",https://github.com/getzep/graphiti/releases/tag/v0.29.0
Cognee,pricing,"Free + paid",https://www.cognee.ai/pricing
Cognee,deployment,"Both (cloud + self-hosted)",https://www.cognee.ai/pricing
Cognee,hq,"DE (Germany, Berlin)",https://www.cognee.ai/pricing
Cognee,compliance,"no data — searched not found (no public compliance page found)",https://www.cognee.ai/
Cognee,data_handling,"no data — searched not found (no public data handling policy found)",https://www.cognee.ai/
Cognee,funding,"€7.5M (~$10M) Seed Feb 2026; investor EU Startups",https://www.eu-startups.com/2026/02/german-ai-infrastructure-startup-cognee-lands-e7-5-million-to-scale-enterprise-grade-memory-technology/
Cognee,customers,"11–50 employees; 70+ companies in live environments (unnamed)",https://www.eu-startups.com/2026/02/german-ai-infrastructure-startup-cognee-lands-e7-5-million-to-scale-enterprise-grade-memory-technology/
Cognee,mindshare,"17.1k GitHub stars; +152/mo; 11 HN posts; 2 inbound integrations",https://github.com/topoteretes/cognee
Cognee,founders,"EU (Berlin); co-founders Vasilije Markovic (data engineering lead at Zalando/Taxfix)",https://www.eu-startups.com/2026/02/german-startup-interloom-lands-e14-2-million-seed-funding-for-ai-agent-knowledge-infrastructure/
Cognee,modalities,text,https://www.cognee.ai/blog/fundamentals/how-cognee-builds-ai-memory
Cognee,volume_claim,"no scale claim publicly stated",https://www.cognee.ai/blog/integrations/claude-agent-sdk-persistent-memory-with-cognee-integration
Cognee,conflict_resolution,LLM-arbitrate,https://www.cognee.ai/blog/fundamentals/how-cognee-builds-ai-memory
Cognee,license,Apache-2.0,https://github.com/topoteretes/cognee/blob/main/LICENSE
Cognee,latest_release,"v1.0.8 — 2026-05-06",https://github.com/topoteretes/cognee/releases/tag/v1.0.8
Hindsight (Vectorize),pricing,"Free + paid (Vectorize Hindsight cloud; OSS self-hosted free)",https://vectorize.io/articles/mem0-alternatives
Hindsight (Vectorize),deployment,"Both (cloud managed + OSS self-hosted)",https://hindsight.vectorize.io/developer/mcp-server
Hindsight (Vectorize),hq,"US (Colorado — BizWest report)",https://www.crunchbase.com/organization/vectorize-io
Hindsight (Vectorize),compliance,"SOC 2 Type II",https://vectorize.io/security
Hindsight (Vectorize),data_handling,"no data — searched not found (OSS; no dedicated data policy page found for Hindsight specifically)",https://vectorize.io/security
Hindsight (Vectorize),funding,"$4M total Seed Oct 2024; investor True Ventures",https://bizwest.com/2024/10/08/vectorize-raises-3-6-million-to-boost-ai-powered-data-retrieval/
Hindsight (Vectorize),customers,"In production at Fortune 500 enterprises and AI startups (no names disclosed); 12.3k GitHub stars",https://venturebeat.com/data/with-91-accuracy-open-source-hindsight-agentic-memory-provides-20-20-vision
Hindsight (Vectorize),mindshare,"12.3k GitHub stars; +121/mo; 2 inbound integrations; 1 press mention (VentureBeat)",https://github.com/vectorize-io/hindsight
Hindsight (Vectorize),founders,"True Ventures seed; co-founders Chris Latimer (ex-Google API Gateway PM; ex-DataStax GM)",https://bizwest.com/2024/10/08/vectorize-raises-3-6-million-to-boost-ai-powered-data-retrieval/
Hindsight (Vectorize),modalities,text,https://vectorize.io/blog/introducing-hindsight-agent-memory-that-works-like-human-memory
Hindsight (Vectorize),volume_claim,"no scale claim publicly stated",https://vectorize.io/blog/introducing-hindsight-agent-memory-that-works-like-human-memory
Hindsight (Vectorize),conflict_resolution,"none specified",https://arxiv.org/abs/2512.12818
Hindsight (Vectorize),license,MIT,https://github.com/vectorize-io/hindsight/blob/main/LICENSE
Hindsight (Vectorize),latest_release,"v0.6.0 — 2026-05-05",https://github.com/vectorize-io/hindsight/releases/tag/v0.6.0
Supermemory,pricing,"OSS (MIT); cloud paid tier available",https://supermemory.ai/pricing/
Supermemory,deployment,"Both (cloud + self-hosted OSS)",https://github.com/supermemoryai/supermemory
Supermemory,hq,"US (San Francisco)",https://github.com/supermemoryai
Supermemory,compliance,"SOC 2; HIPAA; GDPR (per supermemory.ai security page)",https://supermemory.ai/
Supermemory,data_handling,"Does not train models on customer data",https://supermemory.ai/
Supermemory,funding,"$6M total Seed Oct 2025; investors include Google execs",https://techcrunch.com/2025/10/06/a-19-year-old-nabs-backing-from-google-execs-for-his-ai-memory-startup-supermemory/
Supermemory,customers,"a16z-backed Cluely; Montra; Scira; Composio/Rube; Rets",https://techcrunch.com/2025/10/06/a-19-year-old-nabs-backing-from-google-execs-for-his-ai-memory-startup-supermemory/
Supermemory,mindshare,"22.4k GitHub stars; +113/mo; 1 inbound integration",https://github.com/supermemoryai/supermemory
Supermemory,founders,"Solo founder Dhravya Shah (19-year-old; IIT dropout; built apps to 1M+ users; sold to YC company)",https://techcrunch.com/2025/10/06/a-19-year-old-nabs-backing-from-google-execs-for-his-ai-memory-startup-supermemory/
Supermemory,modalities,text,https://supermemory.ai/research/
Supermemory,volume_claim,"no scale claim publicly stated",https://supermemory.ai/research/
Supermemory,conflict_resolution,LLM-arbitrate,https://github.com/supermemoryai/supermemory
Memvid,pricing,"OSS (Apache-2.0); free — no commercial pricing found",https://github.com/memvid/memvid
Memvid,deployment,"Self-hosted only (single .mv2 file; no cloud service)",https://docs.memvid.com/
Memvid,hq,"no data — searched not found (org is anonymous; no company HQ identified)",https://github.com/memvid
Memvid,compliance,"not applicable — not commercial",https://github.com/memvid/memvid
Memvid,data_handling,"not applicable — not commercial (all data stays in user's .mv2 file)",https://github.com/memvid/memvid
Memvid,funding,"no data — searched not found (no funding identified)",https://github.com/memvid
Memvid,customers,"no data — searched not found (OSS project; no known enterprise customers)",https://github.com/memvid
Memvid,mindshare,"15.3k GitHub stars; +149/mo; 1 press mention",https://github.com/memvid/memvid
Memvid,founders,"co-founders include Mohamed Omar (CEO) and one unnamed co-founder; team is anonymous on GitHub org",https://f4.fund/startups/memvid
Memvid,modalities,text,https://docs.memvid.com/
Memvid,volume_claim,"fits in single .mv2 file (no upper bound claimed)",https://docs.memvid.com/
Memvid,conflict_resolution,"append (no resolution — append-only format)",https://github.com/memvid/memvid
Memvid,license,Apache-2.0,https://github.com/memvid/memvid/blob/main/LICENSE
Memvid,latest_release,"v2.0.139 — 2026-03-13",https://github.com/memvid/memvid/releases/tag/v2.0.139
Memobase,pricing,"Free + paid (Memobase Cloud free tier for testing; pay-as-you-go for production)",https://www.memobase.io/pricing
Memobase,deployment,"Both (self-hosted Docker + Memobase Cloud managed)",https://docs.memobase.io/cost
Memobase,hq,"no data — searched not found (org joined GitHub Oct 2024; no company HQ identified; PitchBook lists a different Memobase co. in Bern, Germany)",https://github.com/memodb-io
Memobase,compliance,"no data — searched not found",https://www.memobase.io/
Memobase,data_handling,"no data — searched not found",https://www.memobase.io/
Memobase,funding,"no data — searched not found (no venture funding identified for memodb-io org)",https://github.com/memodb-io/memobase
Memobase,customers,"no data — searched not found",https://github.com/memodb-io/memobase
Memobase,mindshare,"2.7k GitHub stars; +10/mo; 1 inbound integration",https://github.com/memodb-io/memobase
Memobase,founders,"no data — searched not found (GitHub org joined Oct 2024; no named founders publicly identified)",https://github.com/memodb-io
Memobase,modalities,text,https://github.com/memodb-io/memobase
Memobase,volume_claim,"no scale claim publicly stated",https://github.com/memodb-io/memobase
Memobase,conflict_resolution,"none specified",https://github.com/memodb-io/memobase
Memobase,license,Apache-2.0,https://github.com/memodb-io/memobase/blob/main/LICENSE
Memobase,latest_release,"no releases (no tagged releases on GitHub as of research date)",https://github.com/memodb-io/memobase/releases
OMEGA,pricing,"Open-core: Core tier free (Apache-2.0); Graph tier $249/mo; Pro tier (multi-agent) additional",https://omegamax.co/
OMEGA,deployment,"Local-only (local ONNX embeddings + SQLite; macOS + Linux; Windows via WSL)",https://omegamax.co/downloads
OMEGA,hq,"US (no city specified)",https://omegamax.co/
OMEGA,compliance,"not applicable — local-only (AES-256-GCM encryption at rest; no cloud)",https://omegamax.co/
OMEGA,data_handling,"All data stays on user's machine; zero cloud dependency; zero external calls",https://omegamax.co/
OMEGA,funding,"no data — searched not found (bootstrapped; no funding identified)",https://omegamax.co/
OMEGA,customers,"no data — searched not found (developer tool; no enterprise customers disclosed)",https://omegamax.co/
OMEGA,mindshare,"no data — below detection threshold (no HN threads or press coverage found)",https://omegamax.co/
OMEGA,founders,"Jason Sosa (builder; no further background publicly identified)",https://www.linkedin.com/in/jasonsosa/
OMEGA,modalities,text,https://omegamax.co/
OMEGA,volume_claim,"no scale claim publicly stated",https://omegamax.co/benchmarks
OMEGA,conflict_resolution,"none specified",https://omegamax.co/
OMEGA,created,"no data — searched not found (no founding date publicly identified)",https://omegamax.co/
ByteRover,pricing,"Free plan + Team plan $149/mo + Enterprise",https://www.byterover.dev/pricing
ByteRover,deployment,"Local-first by default + ByteRover Cloud for sync/collaboration",https://docs.byterover.dev/
ByteRover,hq,"no data — searched not found (no company HQ publicly identified)",https://www.crunchbase.com/organization/byterover
ByteRover,compliance,"no data — searched not found",https://www.byterover.dev/
ByteRover,data_handling,"no data — searched not found",https://www.byterover.dev/
ByteRover,funding,"no data — searched not found (no public funding identified)",https://www.crunchbase.com/organization/byterover
ByteRover,customers,"no data — searched not found (no named customers; developer tool)",https://www.byterover.dev/
ByteRover,mindshare,"no data — below detection threshold",https://www.byterover.dev/
ByteRover,founders,"no data — searched not found (team is anonymous; no named founders identified)",https://www.byterover.dev/
ByteRover,modalities,text,https://www.byterover.dev/
ByteRover,volume_claim,"no scale claim publicly stated",https://www.byterover.dev/blog/benchmark-ai-agent-memory
ByteRover,conflict_resolution,"none specified",https://www.byterover.dev/
ByteRover,created,"no data — searched not found",https://www.byterover.dev/
Backboard,pricing,"Usage-based tiered pricing; free production-ready tier with promo; paid tiers for scale",https://backboard.io/pricing
Backboard,deployment,"Cloud-hosted (managed SaaS; multi-model API)",https://backboard.io/
Backboard,hq,"Ottawa, Canada",https://betakit.com/backboard-io-looks-to-solve-ai-amnesia-with-substantial-pre-seed-round/
Backboard,compliance,"no data — searched not found (no SOC2/HIPAA certifications found)",https://backboard.io/
Backboard,data_handling,"no data — searched not found (no public data handling policy details found)",https://backboard.io/
Backboard,funding,"$3M pre-seed Jan 2026; co-led Mistral Venture Partners + N49P; Garage Capital + DevCap participated",https://www.startupresearcher.com/news/assent-co-founder-s-backboard-ai-raises-pre-seed-to-cure-llm-amnesia
Backboard,customers,"no data — searched not found (early-stage; no named customers)",https://backboard.io/
Backboard,mindshare,"no data — below detection threshold (15 GitHub stars on benchmark repo)",https://github.com/Backboard-io/Backboard-Locomo-Benchmark
Backboard,founders,"Rob Imbeault (co-founder of Assent — SaaS unicorn valued >$1.4B); founded 2025",https://news.backboard.io/259150-saas-unicorn-founder-rob-imbeault-returns-with-backboard-io-the-memory-layer-of-ai/
Backboard,modalities,text,https://github.com/Backboard-io
Backboard,volume_claim,"no scale claim publicly stated",https://github.com/Backboard-io/Backboard-Locomo-Benchmark
Backboard,conflict_resolution,"none specified",https://github.com/Backboard-io
Hyperspell,pricing,"no data — searched not found (pricing not yet public; early-stage YC startup)",https://www.hyperspell.com/
Hyperspell,deployment,"Cloud API + SDK (no self-hosted option found)",https://www.hyperspell.com/
Hyperspell,hq,"US (San Francisco)",https://www.ycombinator.com/companies/hyperspell
Hyperspell,compliance,"no data — searched not found",https://www.hyperspell.com/
Hyperspell,data_handling,"no data — searched not found",https://www.hyperspell.com/
Hyperspell,funding,"$2M Seed Sept 2025 (YC F25)",https://www.ycombinator.com/companies/hyperspell
Hyperspell,customers,"developer teams building on-screen assistants, embedded customer support bots, CRM personalization tools (no named customers)",https://www.every.io/blog-post/ai-agents-are-the-future-conor-brennan-burke-is-building-the-infrastructure-that-enables-them-to-run
Hyperspell,mindshare,"no data — below detection threshold (YC company; 1 press article found)",https://www.ycombinator.com/companies/hyperspell
Hyperspell,founders,"Conor Brennan-Burke and Manu Ebert; co-founders previously scaled API products to $30M ARR",https://www.every.io/blog-post/ai-agents-are-the-future-conor-brennan-burke-is-building-the-infrastructure-that-enables-them-to-run
Hyperspell,modalities,text,https://www.ycombinator.com/companies/hyperspell
Hyperspell,volume_claim,"no scale claim publicly stated",https://www.ycombinator.com/companies/hyperspell
Hyperspell,conflict_resolution,"none specified",https://www.ycombinator.com/companies/hyperspell
Hyperspell,created,"2024",https://www.ycombinator.com/companies/hyperspell
Memoria (MatrixOrigin),pricing,"no data — searched not found (no public pricing page found)",https://github.com/matrixorigin/Memoria
Memoria (MatrixOrigin),deployment,"Both (Memoria Cloud API + self-hosted MatrixOne DB)",https://github.com/matrixorigin/Memoria
Memoria (MatrixOrigin),hq,"China (MatrixOrigin HQ)",https://github.com/matrixorigin/Memoria
Memoria (MatrixOrigin),compliance,"no data — searched not found",https://github.com/matrixorigin/Memoria
Memoria (MatrixOrigin),data_handling,"Data stored in MatrixOne with MVCC/CoW architecture; on-prem option available",https://github.com/matrixorigin/Memoria
Memoria (MatrixOrigin),funding,"no data — searched not found (MatrixOrigin is a corporate lab product; no independent funding)",https://github.com/matrixorigin/Memoria
Memoria (MatrixOrigin),customers,"community users; database developers; open-source (no enterprise customers named)",https://github.com/matrixorigin/Memoria
Memoria (MatrixOrigin),mindshare,"no data — below detection threshold",https://github.com/matrixorigin/Memoria
Memoria (MatrixOrigin),founders,"MatrixOrigin (Chinese HTAP database company); no individual founders publicly named",https://medium.com/@matrixorigin-database/benchmarking-memoria-on-longmemeval-strong-memory-retrieval-clear-reader-separation-ee6c89c75d76
Memoria (MatrixOrigin),modalities,text,https://medium.com/@matrixorigin-database/benchmarking-memoria-on-longmemeval-strong-memory-retrieval-clear-reader-separation-ee6c89c75d76
Memoria (MatrixOrigin),volume_claim,"no scale claim publicly stated",https://medium.com/@matrixorigin-database/benchmarking-memoria-on-longmemeval-strong-memory-retrieval-clear-reader-separation-ee6c89c75d76
Memoria (MatrixOrigin),conflict_resolution,"none specified",https://medium.com/@matrixorigin-database/benchmarking-memoria-on-longmemeval-strong-memory-retrieval-clear-reader-separation-ee6c89c75d76
Memoria (MatrixOrigin),created,"no data — searched not found",https://github.com/matrixorigin/Memoria
OpenMemory,pricing,"OSS (Apache-2.0 self-hosted); self-hosted cost ~$5-8/mo for 100k memories vs $60-120 for SaaS",https://openmemory.cavira.app/docs/deployment/backend
OpenMemory,deployment,"Self-hosted (local + Docker; no cloud service found)",https://openmemory.cavira.app/docs/deployment/backend
OpenMemory,hq,"no data — searched not found (CaviraOSS GitHub org; no company HQ identified)",https://github.com/CaviraOSS
OpenMemory,compliance,"no data — searched not found",https://github.com/CaviraOSS/OpenMemory
OpenMemory,data_handling,"not applicable — self-hosted OSS (all data stays on user's infrastructure)",https://github.com/CaviraOSS/OpenMemory
OpenMemory,funding,"no data — searched not found (OSS project; no venture funding identified)",https://github.com/CaviraOSS/OpenMemory
OpenMemory,customers,"no data — searched not found (OSS; no known enterprise customers)",https://github.com/CaviraOSS/OpenMemory
OpenMemory,mindshare,"4.1k GitHub stars; +165/mo; below detection threshold for HN/press",https://github.com/CaviraOSS/OpenMemory
OpenMemory,founders,"Contributors include Morven, Muhammad Fiaz, Peter Chung, Brett Ammeson, Joseph Goksu; no named corporate founders",https://github.com/CaviraOSS
OpenMemory,modalities,text,https://github.com/CaviraOSS/OpenMemory
OpenMemory,volume_claim,"no scale claim publicly stated",https://github.com/CaviraOSS/OpenMemory
OpenMemory,conflict_resolution,"none specified",https://github.com/CaviraOSS/OpenMemory
Memori,pricing,"Free + paid (Memori Cloud; tiered plans for builders / growing / production teams)",https://memorilabs.ai/pricing/
Memori,deployment,"Both (Memori Cloud zero-config + self-hosted OSS)",https://memorilabs.ai/
Memori,hq,"US (New York City)",https://tracxn.com/d/companies/memori/__-XTlwx8eHLG0TZREQDei4Wf6TJLzcIBSWvXxbe_UmBE
Memori,compliance,"no data — searched not found",https://memorilabs.ai/
Memori,data_handling,"no data — searched not found",https://memorilabs.ai/
Memori,funding,"$3.7M Seed (4 investors; round closed May 2024)",https://tracxn.com/d/companies/memori/__-XTlwx8eHLG0TZREQDei4Wf6TJLzcIBSWvXxbe_UmBE
Memori,customers,"no data — searched not found",https://memorilabs.ai/
Memori,mindshare,"14.1k GitHub stars; +175/mo; GitHub-only signal (no HN/press threshold met)",https://github.com/MemoriLabs/Memori
Memori,founders,"Harish Mukhami (CEO) and Michael Montero (CTO); founded 2024",https://f7ventures.com/portfolio/memori-labs/
Memori,modalities,text,https://github.com/MemoriLabs/Memori
Memori,volume_claim,"no scale claim publicly stated",https://github.com/MemoriLabs/Memori
Memori,conflict_resolution,"none specified",https://github.com/MemoriLabs/Memori
Memori,license,Apache-2.0,https://github.com/MemoriLabs/Memori/blob/main/LICENSE
Memori,latest_release,"v3.3.3 — 2026-05-05",https://github.com/MemoriLabs/Memori/releases/tag/v3.3.3
MemMachine,pricing,"OSS free; Enterprise version coming soon (no public price)",https://memmachine.ai/
MemMachine,deployment,"Self-hosted (private cloud or on-premises); Enterprise managed forthcoming",https://memmachine.ai/
MemMachine,hq,"no data — searched not found (incubated by MemVerge; no standalone HQ identified)",https://memmachine.ai/
MemMachine,compliance,"not applicable — not commercial (open-source OSS)",https://github.com/MemMachine/MemMachine
MemMachine,data_handling,"not applicable — not commercial (self-hosted; data stays on user infrastructure)",https://github.com/MemMachine/MemMachine
MemMachine,funding,"no data — searched not found (incubated by MemVerge; no venture funding identified)",https://memmachine.ai/
MemMachine,customers,"no data — searched not found (OSS project; no known enterprise customers)",https://github.com/MemMachine/MemMachine
MemMachine,mindshare,"3.1k GitHub stars; +30/mo; below detection threshold",https://github.com/MemMachine/MemMachine
MemMachine,founders,"MemVerge (initial incubator); no named individual founders publicly identified",https://memmachine.ai/
MemMachine,modalities,text,https://github.com/MemMachine/MemMachine
MemMachine,volume_claim,"no scale claim publicly stated",https://github.com/MemMachine/MemMachine
MemMachine,conflict_resolution,"none specified",https://github.com/MemMachine/MemMachine
MemMachine,deployment_detail,"Self-hosted open-source; Enterprise with additional features forthcoming",https://memmachine.ai/
Memary,pricing,"OSS (MIT); no commercial pricing",https://github.com/kingjulio8238/Memary
Memary,deployment,"Self-hosted (OSS; no cloud service found)",https://github.com/kingjulio8238/Memary
Memary,hq,"US (San Francisco — creator's location)",https://github.com/kingjulio8238
Memary,compliance,"not applicable — not commercial (OSS research project)",https://github.com/kingjulio8238/Memary
Memary,data_handling,"not applicable — not commercial (all data on user's infrastructure)",https://github.com/kingjulio8238/Memary
Memary,funding,"no data — searched not found (OSS project; no funding identified)",https://github.com/kingjulio8238/Memary
Memary,customers,"no data — searched not found (OSS; no known enterprise customers)",https://github.com/kingjulio8238/Memary
Memary,mindshare,"2.6k GitHub stars; 40/mo PyPI downloads (May 2025); GitHub-only signal",https://pypi.org/project/memary/
Memary,founders,"kingjulio8238 (kingJulio; San Francisco developer; no full name publicly identified)",https://github.com/kingjulio8238
Memary,modalities,text,https://github.com/kingjulio8238/Memary
Memary,volume_claim,"no scale claim publicly stated",https://github.com/kingjulio8238/Memary
Memary,conflict_resolution,"none specified",https://github.com/kingjulio8238/Memary
Memary,license,MIT,https://github.com/kingjulio8238/Memary/blob/main/LICENSE
Memary,latest_release,"v0.1.5 — 2024-10-22",https://github.com/kingjulio8238/Memary/releases/tag/v0.1.5
Anda Hippocampus,pricing,"OSS (Apache-2.0 + MIT); free — no commercial pricing",https://github.com/ldclabs/anda-hippocampus
Anda Hippocampus,deployment,"Self-hosted on-premises (full data privacy; no cloud service)",https://github.com/ldclabs/anda-hippocampus
Anda Hippocampus,hq,"China (LDC Labs / ICPanda DAO; ICP blockchain project)",https://github.com/ldclabs
Anda Hippocampus,compliance,"not applicable — not commercial (OSS; on-prem only)",https://github.com/ldclabs/anda-hippocampus
Anda Hippocampus,data_handling,"not applicable — not commercial (on-prem deployment; data stays local)",https://github.com/ldclabs/anda-hippocampus
Anda Hippocampus,funding,"no data — searched not found (open-source ICP DAO project; no venture funding)",https://github.com/ldclabs/anda-hippocampus
Anda Hippocampus,customers,"community users; academic/developer community (no enterprise customers)",https://github.com/ldclabs/anda-hippocampus
Anda Hippocampus,mindshare,"44 GitHub stars; below detection threshold",https://github.com/ldclabs/anda-hippocampus
Anda Hippocampus,founders,"LDC Labs (creators of ICPanda DAO on ICP blockchain); no named individual founders publicly identified",https://github.com/ldclabs
Anda Hippocampus,modalities,text,https://github.com/ldclabs/anda-hippocampus
Anda Hippocampus,volume_claim,"no scale claim publicly stated",https://github.com/ldclabs/anda-hippocampus
Anda Hippocampus,conflict_resolution,"none specified",https://github.com/ldclabs/anda-hippocampus
Anda Hippocampus,license,Apache-2.0,https://github.com/ldclabs/anda-hippocampus/blob/main/LICENSE
Anda Hippocampus,latest_release,"v0.4.17 — 2026-05-05",https://github.com/ldclabs/anda-hippocampus/releases/tag/v0.4.17
O-Mem,pricing,"not applicable — academic research code (no commercial pricing)",https://github.com/OPPO-PersonalAI/O-Mem
O-Mem,deployment,"Self-hosted (research code; no cloud service)",https://github.com/OPPO-PersonalAI/O-Mem
O-Mem,hq,"China (OPPO headquarters in Guangdong/Shenzhen)",https://github.com/OPPO-PersonalAI
O-Mem,compliance,"not applicable — not commercial",https://github.com/OPPO-PersonalAI/O-Mem
O-Mem,data_handling,"not applicable — not commercial",https://github.com/OPPO-PersonalAI/O-Mem
O-Mem,funding,"not applicable — corporate research lab (OPPO PersonalAI Research)",https://github.com/OPPO-PersonalAI/O-Mem
O-Mem,customers,"not applicable — corporate research product; no commercial customers",https://github.com/OPPO-PersonalAI/O-Mem
O-Mem,mindshare,"65 GitHub stars; below detection threshold",https://github.com/OPPO-PersonalAI/O-Mem
O-Mem,founders,"OPPO PersonalAI Research Lab (corporate); no individual founding researchers publicly identified",https://github.com/OPPO-PersonalAI/O-Mem
O-Mem,modalities,text,https://github.com/OPPO-PersonalAI/O-Mem
O-Mem,volume_claim,"no scale claim publicly stated",https://arxiv.org/abs/2511.13593
O-Mem,conflict_resolution,LLM-arbitrate,https://arxiv.org/abs/2511.13593
SuperLocalMemory,pricing,"no data — searched not found (product from Qualixar research; no public pricing page found)",https://www.superlocalmemory.com/
SuperLocalMemory,deployment,"Local-only (no Docker; no graph DB; no API keys; CPU-only; Mode A zero-LLM)",https://www.superlocalmemory.com/
SuperLocalMemory,hq,"no data — searched not found (Qualixar Research Initiative; no corporate HQ identified)",https://www.superlocalmemory.com/
SuperLocalMemory,compliance,"EU AI Act compliant framing (explicitly stated)",https://www.superlocalmemory.com/
SuperLocalMemory,data_handling,"All data stays on user's machine; no cloud; no API dependency",https://www.superlocalmemory.com/
SuperLocalMemory,funding,"no data — searched not found (research initiative; no venture funding identified)",https://github.com/qualixar/superlocalmemory
SuperLocalMemory,customers,"no data — searched not found (no named customers; developer/researcher tool)",https://www.superlocalmemory.com/
SuperLocalMemory,mindshare,"no data — below detection threshold",https://www.superlocalmemory.com/
SuperLocalMemory,founders,"Varun Pratap Bhardwaj (creator; researcher; Qualixar initiative)",https://www.varunpratap.com/products/superlocalmemory
SuperLocalMemory,modalities,text,https://www.superlocalmemory.com/
SuperLocalMemory,volume_claim,"no scale claim publicly stated",https://www.superlocalmemory.com/
SuperLocalMemory,conflict_resolution,"none specified (geometric scoring; no LLM needed)",https://www.superlocalmemory.com/
SuperLocalMemory,created,"no data — searched not found (arxiv 2603.14588 submitted ~2026-03)",https://arxiv.org/html/2603.02240
VEKTOR Memory,pricing,"$9/month subscription OR one-time $159 commercial license (activates on up to 3 machines)",https://dev.to/vektor_memory_43f51a32376/vektor-openai-agents-sdk-production-memory-in-three-lines-59p6
VEKTOR Memory,deployment,"Local-only (Node.js; Transformers.js via WebAssembly; SQLite; no cloud infrastructure)",https://dev.to/vektor_memory_43f51a32376/vektor-openai-agents-sdk-production-memory-in-three-lines-59p6
VEKTOR Memory,hq,"no data — searched not found (no identifiable company or HQ found)",https://dev.to/vektor_memory_43f51a32376/vektor-openai-agents-sdk-production-memory-in-three-lines-59p6
VEKTOR Memory,compliance,"not applicable — local-only (no cloud; data stays on user's server)",https://dev.to/vektor_memory_43f51a32376/vektor-openai-agents-sdk-production-memory-in-three-lines-59p6
VEKTOR Memory,data_handling,"All embeddings run locally via WebAssembly; no data sent externally",https://dev.to/vektor_memory_43f51a32376/vektor-openai-agents-sdk-production-memory-in-three-lines-59p6
VEKTOR Memory,funding,"no data — searched not found (no company identified; individual developer project)",https://dev.to/vektor_memory_43f51a32376/vektor-openai-agents-sdk-production-memory-in-three-lines-59p6
VEKTOR Memory,customers,"no data — searched not found",https://dev.to/vektor_memory_43f51a32376/vektor-openai-agents-sdk-production-memory-in-three-lines-59p6
VEKTOR Memory,mindshare,"no data — below detection threshold (DEV.to posts only)",https://dev.to/vektor_memory_43f51a32376/vektor-openai-agents-sdk-production-memory-in-three-lines-59p6
VEKTOR Memory,founders,"no data — searched not found (anonymous; no named founders identified)",https://dev.to/vektor_memory_43f51a32376/vektor-openai-agents-sdk-production-memory-in-three-lines-59p6
VEKTOR Memory,modalities,text,https://dev.to/vektor_memory_43f51a32376/vektor-openai-agents-sdk-production-memory-in-three-lines-59p6
VEKTOR Memory,volume_claim,"no scale claim publicly stated",https://dev.to/vektor_memory_43f51a32376/vektor-openai-agents-sdk-production-memory-in-three-lines-59p6
VEKTOR Memory,conflict_resolution,"LLM-arbitrate (AUDN loop: Add/Update/Delete/None resolved before write)",https://dev.to/vektor_memory_43f51a32376/vektor-openai-agents-sdk-production-memory-in-three-lines-59p6
VEKTOR Memory,created,"no data — searched not found",https://dev.to/vektor_memory_43f51a32376/vektor-openai-agents-sdk-production-memory-in-three-lines-59p6
Memory Store,pricing,"no data — searched not found (YC P26 early stage; no pricing page found)",https://www.ycombinator.com/companies/memory-store
Memory Store,deployment,"no data — searched not found (cloud service implied; no deployment docs found)",https://memory.store/
Memory Store,hq,"no data — searched not found (YC P26; no HQ location identified)",https://www.ycombinator.com/companies/memory-store
Memory Store,compliance,"no data — searched not found",https://memory.store/
Memory Store,data_handling,"no data — searched not found",https://memory.store/
Memory Store,funding,"no data — searched not found (YC P26 batch; standard YC investment implied; no public raise announced)",https://www.ycombinator.com/companies/memory-store
Memory Store,customers,"no data — searched not found (very early stage; YC P26)",https://www.ycombinator.com/companies/memory-store
Memory Store,mindshare,"no data — below detection threshold",https://www.ycombinator.com/companies/memory-store
Memory Store,founders,"no data — searched not found (YC P26; no named founders publicly identified)",https://www.ycombinator.com/companies/memory-store
Memory Store,modalities,text,https://www.ycombinator.com/companies/memory-store
Memory Store,volume_claim,"no scale claim publicly stated",https://memory.store/
Memory Store,conflict_resolution,"none specified",https://memory.store/
Memory Store,created,"no data — searched not found",https://www.ycombinator.com/companies/memory-store
Interloom,pricing,"Enterprise pricing; no setup fees; fixed-price per interaction (contact sales)",https://interloom.com/en/pricing/
Interloom,deployment,"Three modes: managed multi-tenant cloud; dedicated single-tenant; BYOM (bring your own model/endpoints)",https://interloom.com/en/pricing/
Interloom,hq,"Germany (Munich)",https://fortune.com/2026/03/23/interloom-ai-agents-raises-16-million-venture-funding/
Interloom,compliance,"ISO 27001:2022, ISO 42001, TISAX certification roadmap in progress; runs on Azure (inherits Azure compliance)",https://interloom.com/en/security/
Interloom,data_handling,"Data protected in transit and at rest; single-tenant isolation available; Azure infrastructure",https://interloom.com/en/security/
Interloom,funding,"$16.5M Seed March 2026; investor DN Capital",https://fortune.com/2026/03/23/interloom-ai-agents-raises-16-million-venture-funding/
Interloom,customers,"Zurich Insurance, JLL, Fiege, Commerzbank, Volkswagen; processing millions of enterprise cases",https://fortune.com/2026/03/23/interloom-ai-agents-raises-16-million-venture-funding/
Interloom,mindshare,"2 press mentions; ~15 job listings (seed stage)",https://fortune.com/2026/03/23/interloom-ai-agents-raises-16-million-venture-funding/
Interloom,founders,"Fabian Jakobi (serial entrepreneur; previously founded Boxplot — acquired; and other ventures)",https://fortune.com/2026/03/23/interloom-ai-agents-raises-16-million-venture-funding/
Interloom,modalities,text,https://interloom.com/
Interloom,volume_claim,"processing millions of enterprise cases (vendor claim)",https://fortune.com/2026/03/23/interloom-ai-agents-raises-16-million-venture-funding/
Interloom,conflict_resolution,"none specified",https://interloom.com/
Nyne,pricing,"no data — searched not found (early-stage product; no public pricing page found)",https://nyne.ai/
Nyne,deployment,"Cloud API (agents deployed across web to build people graph; no self-hosted option found)",https://nyne.ai/
Nyne,hq,"US (San Francisco, CA)",https://techcrunch.com/2026/03/13/nyne-founded-by-a-father-son-duo-gives-ai-agents-the-human-context-theyre-missing/
Nyne,compliance,"Deterministic + probabilistic matching; confidence + provenance first-class; enterprise risk threshold controls",https://techcrunch.com/2026/03/13/nyne-founded-by-a-father-son-duo-gives-ai-agents-the-human-context-theyre-missing/
Nyne,data_handling,"Blends deterministic and probabilistic matching from public/permissioned/first-party inputs; explicit permissions model",https://techcrunch.com/2026/03/13/nyne-founded-by-a-father-son-duo-gives-ai-agents-the-human-context-theyre-missing/
Nyne,funding,"$5.3M Seed March 2026; Wischoff Ventures + South Park Commons",https://techcrunch.com/2026/03/13/nyne-founded-by-a-father-son-duo-gives-ai-agents-the-human-context-theyre-missing/
Nyne,customers,"no data — searched not found (early-stage; no named enterprise customers)",https://nyne.ai/
Nyne,mindshare,"1 press mention (TechCrunch); ~9 job listings",https://techcrunch.com/2026/03/13/nyne-founded-by-a-father-son-duo-gives-ai-agents-the-human-context-theyre-missing/
Nyne,founders,"Father-son team: Michael Fanous (CEO; UC Berkeley CS; ex-CareRev ML engineer) and Emad Fanous (son; younger co-founder)",https://techcrunch.com/2026/03/13/nyne-founded-by-a-father-son-duo-gives-ai-agents-the-human-context-theyre-missing/
Nyne,modalities,text,https://nyne.ai/
Nyne,volume_claim,"250 million sites crawled; no memory-volume claim",https://techcrunch.com/2026/03/13/nyne-founded-by-a-father-son-duo-gives-ai-agents-the-human-context-theyre-missing/
Nyne,conflict_resolution,"none specified",https://nyne.ai/
NeoCognition,pricing,"no data — searched not found (stealth; no product yet public)",https://neocognition.io/
NeoCognition,deployment,"no data — searched not found (no product yet public)",https://neocognition.io/
NeoCognition,hq,"US (Ohio State University spin-off; likely Columbus OH or SF)",https://techcrunch.com/2026/04/21/ai-research-lab-neocognition-lands-40m-seed-to-build-agents-that-learn-like-humans/
NeoCognition,compliance,"no data — searched not found (no product yet)",https://neocognition.io/
NeoCognition,data_handling,"no data — searched not found (no product yet)",https://neocognition.io/
NeoCognition,funding,"$40M Seed April 2026; Cambium Capital + Walden Catalyst; angels Intel CEO Lip-Bu Tan + Databricks Ion Stoica",https://techcrunch.com/2026/04/21/ai-research-lab-neocognition-lands-40m-seed-to-build-agents-that-learn-like-humans/
NeoCognition,customers,"11–50 employees; no customers disclosed (stealth / early stage)",https://techcrunch.com/2026/04/21/ai-research-lab-neocognition-lands-40m-seed-to-build-agents-that-learn-like-humans/
NeoCognition,mindshare,"1 press mention (TechCrunch); ~20 job listings",https://techcrunch.com/2026/04/21/ai-research-lab-neocognition-lands-40m-seed-to-build-agents-that-learn-like-humans/
NeoCognition,founders,"OSU academic spin-off; Yu Su (OSU assistant professor; ex-Microsoft Research; Sloan Fellow)",https://techcrunch.com/2026/04/21/ai-research-lab-neocognition-lands-40m-seed-to-build-agents-that-learn-like-humans/
NeoCognition,modalities,text,https://www.prnewswire.com/news-releases/neocognition-emerges-from-stealth-with-40-million-seed-round-to-advance-specialized-intelligence-and-expert-agents-302749108.html
NeoCognition,volume_claim,"no scale claim publicly stated",https://techcrunch.com/2026/04/21/ai-research-lab-neocognition-lands-40m-seed-to-build-agents-that-learn-like-humans/
NeoCognition,conflict_resolution,"none specified",https://techcrunch.com/2026/04/21/ai-research-lab-neocognition-lands-40m-seed-to-build-agents-that-learn-like-humans/
MemoraX AI,pricing,"no data — searched not found (product launch in ~12 months from March 2026; no pricing yet)",https://eu.36kr.com/en/p/3785834045583875
MemoraX AI,deployment,"no data — searched not found (B2B enterprise KM + C2C personalisation planned; no product yet)",https://eu.36kr.com/en/p/3785834045583875
MemoraX AI,hq,"China (Shenzhen, Nanshan district)",https://eu.36kr.com/en/p/3785834045583875
MemoraX AI,compliance,"no data — searched not found (no product yet)",https://eu.36kr.com/en/p/3785834045583875
MemoraX AI,data_handling,"no data — searched not found (no product yet)",https://eu.36kr.com/en/p/3785834045583875
MemoraX AI,funding,"~$10M Seed March 2026; L2F Light Source + Zhongding Capital + Emerson Collective",https://eu.36kr.com/en/p/3785834045583875
MemoraX AI,customers,"no data — searched not found (no customers; product in development)",https://eu.36kr.com/en/p/3785834045583875
MemoraX AI,mindshare,"1 press mention (36kr); ~20 job listings (Shenzhen seed-stage)",https://eu.36kr.com/en/p/3785834045583875
MemoraX AI,founders,"He Jianye (Tianjin University professor; ex-Huawei CTO Medical Group; AI/robotics pedigree)",https://eu.36kr.com/en/p/3785834045583875
MemoraX AI,modalities,text,https://eu.36kr.com/en/p/3785834045583875
MemoraX AI,volume_claim,"no scale claim publicly stated",https://eu.36kr.com/en/p/3785834045583875
MemoraX AI,conflict_resolution,"none specified",https://eu.36kr.com/en/p/3785834045583875
Trace,pricing,"no data — searched not found (seed-stage; no public pricing page found)",https://www.ycombinator.com/companies/trace-so
Trace,deployment,"Cloud (SaaS integrating Slack/Jira/Notion; no self-hosted option found)",https://unirises.com/yc-backed-startup-trace-transforming-workflow-automation-with-ai-and-human-task-routing/
Trace,hq,"UK (London) / also described as SF-area; Tim Cherkasov + Artur Romanov based in London",https://techcrunch.com/2026/02/26/trace-raises-3-million-to-solve-the-agent-adoption-problem/
Trace,compliance,"no data — searched not found",https://www.ycombinator.com/companies/trace-so
Trace,data_handling,"no data — searched not found",https://www.ycombinator.com/companies/trace-so
Trace,funding,"$3M Seed Feb 2026; YC + Zeno + Transpose + Goodwater + Formosa + WeFunder",https://techcrunch.com/2026/02/26/trace-raises-3-million-to-solve-the-agent-adoption-problem/
Trace,customers,"30+ companies at public launch (no names disclosed)",https://unirises.com/yc-backed-startup-trace-transforming-workflow-automation-with-ai-and-human-task-routing/
Trace,mindshare,"1 press mention (TechCrunch); ~10 job listings",https://techcrunch.com/2026/02/26/trace-raises-3-million-to-solve-the-agent-adoption-problem/
Trace,founders,"Tim Cherkasov (CEO; ex-PM at Copper digital custodian; worked with State Street) + Artur Romanov (CTO; ex-senior engineer Deliveroo; built grocery data ML pipeline)",https://www.linkedin.com/in/timcherkasov/
Trace,modalities,text,https://www.ycombinator.com/companies/trace-so
Trace,volume_claim,"no scale claim publicly stated",https://techcrunch.com/2026/02/26/trace-raises-3-million-to-solve-the-agent-adoption-problem/
Trace,conflict_resolution,"none specified",https://www.ycombinator.com/companies/trace-so
Cellon (Memory.inc),pricing,"no data — searched not found (seed-stage; no pricing page found)",https://en.wowtale.net/2026/04/30/233992/
Cellon (Memory.inc),deployment,"no data — searched not found",https://en.wowtale.net/2026/04/30/233992/
Cellon (Memory.inc),hq,"South Korea",https://www.venturesquare.net/en/1078966/
Cellon (Memory.inc),compliance,"no data — searched not found",https://en.wowtale.net/2026/04/30/233992/
Cellon (Memory.inc),data_handling,"no data — searched not found",https://en.wowtale.net/2026/04/30/233992/
Cellon (Memory.inc),funding,"Seed April 2026; investors Primer + The Ventures (amount undisclosed)",https://www.venturesquare.net/en/1078966/
Cellon (Memory.inc),customers,"1–10 employees; no named customers (early-stage)",https://www.venturesquare.net/en/1078966/
Cellon (Memory.inc),mindshare,"1 press mention; ~5 job listings",https://www.venturesquare.net/en/1078966/
Cellon (Memory.inc),founders,"Jang Jun-ha (18-year-old CEO at time of founding); Korean startup",https://app.dealroom.co/news/feed/18-year-old-founder-s-ai-memory-startup-cellon-raises-seed-funding-from-primer-and-the-ventures
Cellon (Memory.inc),modalities,text,https://en.wowtale.net/2026/04/30/233992/
Cellon (Memory.inc),volume_claim,"no scale claim publicly stated",https://en.wowtale.net/2026/04/30/233992/
Cellon (Memory.inc),conflict_resolution,"none specified",https://en.wowtale.net/2026/04/30/233992/
Cellon (Memory.inc),created,"no data — searched not found",https://en.wowtale.net/2026/04/30/233992/
MemWal (Walrus),pricing,"Comparable to centralized models (per Mysten Labs; $WAL token-based usage)",https://www.blocksandfiles.com/ai-ml/2026/03/31/walrus-pitches-memwal-as-decentralized-storage-for-ai-agent-memory/5213479
MemWal (Walrus),deployment,"Decentralised blockchain storage (Sui blockchain via Walrus protocol; SDK in beta)",https://decrypt.co/365834/agentic-memory-walrus-takes-on-ais-next-big-bottleneck
MemWal (Walrus),hq,"US (Palo Alto — Mysten Labs HQ)",https://www.mystenlabs.com/about
MemWal (Walrus),compliance,"Append-only verifiable on-chain storage; auditability by design; no traditional compliance certs found",https://decrypt.co/365834/agentic-memory-walrus-takes-on-ais-next-big-bottleneck
MemWal (Walrus),data_handling,"Encrypted agent memory stored on Sui blockchain; portable and verifiable; user controls keys",https://decrypt.co/365834/agentic-memory-walrus-takes-on-ais-next-big-bottleneck
MemWal (Walrus),funding,"$140M private token sale ($WAL) 2025; ~$2B protocol valuation; investors a16z crypto + Standard Crypto + Electric Capital + Franklin Templeton",https://fortune.com/crypto/2025/03/20/walrus-fundraise-140-million-2-billion-andreessen-horowitz/
MemWal (Walrus),customers,"no data — searched not found (SDK in beta; no named enterprise customers)",https://decrypt.co/365834/agentic-memory-walrus-takes-on-ais-next-big-bottleneck
MemWal (Walrus),mindshare,"no data — below detection threshold for AI-memory-specific signal",https://decrypt.co/365834/agentic-memory-walrus-takes-on-ais-next-big-bottleneck
MemWal (Walrus),founders,"Mysten Labs: Evan Cheng (CEO) + Sam Blackshear (CTO) + Adeniyi Abiodun + George Danezis + Kostas Chalkias (ex-Facebook/Diem; founded Sept 2021)",https://www.mystenlabs.com/about
MemWal (Walrus),modalities,text,https://decrypt.co/365834/agentic-memory-walrus-takes-on-ais-next-big-bottleneck
MemWal (Walrus),volume_claim,"450TB data stored on Walrus at 1-year anniversary (protocol-level; not memory-specific)",https://decrypt.co/365834/agentic-memory-walrus-takes-on-ais-next-big-bottleneck
MemWal (Walrus),conflict_resolution,"append (no resolution — on-chain append-only)",https://decrypt.co/365834/agentic-memory-walrus-takes-on-ais-next-big-bottleneck
AI Singapore SEA-LION,pricing,"Free download (Hugging Face + AISG website); no commercial pricing",https://sea-lion.ai/models/
AI Singapore SEA-LION,deployment,"Both (free download self-hosted + Amazon SageMaker JumpStart for managed deployment)",https://aisingapore.org/
AI Singapore SEA-LION,hq,"Singapore (AI Singapore — national research foundation)",https://aisingapore.org/
AI Singapore SEA-LION,compliance,"IBM MOU for AI governance integration; AISG plans compliance/risk frameworks",https://asean.newsroom.ibm.com/AI-Singapores-SEA-LION-LLM
AI Singapore SEA-LION,data_handling,"National research project; public data; no commercial data handling",https://aisingapore.org/
AI Singapore SEA-LION,funding,"Nationally funded (Singapore government / AISG); no private venture funding",https://aisingapore.org/
AI Singapore SEA-LION,customers,"Southeast Asian research community; NCS and Tokopedia (pilot); non-commercial",https://www.ncs.co/en-sg/impact-insights/scaling-southeast-asias-ai-advantage/
AI Singapore SEA-LION,mindshare,"no data — below detection threshold for HN/press in Western market",https://sea-lion.ai/models/
AI Singapore SEA-LION,founders,"AI Singapore (AISG) — national AI programme; no individual founders",https://sea-lion.ai/about/
AI Singapore SEA-LION,modalities,text,https://sea-lion.ai/models/
AI Singapore SEA-LION,volume_claim,"245M training text pairs; 128K token context (no memory volume claim)",https://sea-lion.ai/models/
AI Singapore SEA-LION,conflict_resolution,"not applicable (retrieval model only; no write path)",https://sea-lion.ai/models/
AI Singapore SEA-LION,created,"2023 (first SEA-LION launch)",https://www.cdotrends.com/story/4152/singapores-sea-lion-v2-ai-model-out
Krutrim Kruti (Ola),pricing,"INR-billed; A100 instances competitively priced; consumer app free at launch",https://www.olakrutrim.com/
Krutrim Kruti (Ola),deployment,"Cloud-hosted on Indian servers (Krutrim Cloud; sovereign India-first)",https://www.computerweekly.com/news/366629172/Olas-Krutrim-builds-AI-first-sovereign-cloud-for-India
Krutrim Kruti (Ola),hq,"India (Bangalore)",https://www.business-standard.com/companies/start-ups/krutrim-kruti-ai-bhavesh-aggarwal-india-localised-ai-assistant-125061500577_1.html
Krutrim Kruti (Ola),compliance,"India-first data privacy; hosted on Indian servers; regulatory compliance focus",https://www.upgrad.com/blog/ola-krutrim-ai-assistant-kruti-goes-offline/
Krutrim Kruti (Ola),data_handling,"Hosted on Indian servers; India-first approach to data privacy; no data export to foreign servers",https://www.upgrad.com/blog/ola-krutrim-ai-assistant-kruti-goes-offline/
Krutrim Kruti (Ola),funding,"$50M Series A at $1B valuation (unicorn); Matrix Partners India; Bhavish Aggarwal committed ₹2000Cr + ₹10000Cr more",https://www.caproasia.com/2024/02/01/india-artificial-intelligence-startup-krutrim-founded-by-ola-electric-ceo-bhavish-aggarwal-raised-50-million-at-1-billion-valuation-in-1st-funding-round-led-by-venture-capital-matrix-partners-kruti/
Krutrim Kruti (Ola),customers,"no data — searched not found (Kruti app went offline Dec 2025; shifting to cloud services)",https://techcrunch.com/2026/05/05/indias-first-genai-unicorn-shifts-to-cloud-services-as-ai-model-ambitions-face-reality/
Krutrim Kruti (Ola),mindshare,"3 press mentions; Ola-subsidiary (no independent jobs signal)",https://techcrunch.com/2026/05/05/indias-first-genai-unicorn-shifts-to-cloud-services-as-ai-model-ambitions-face-reality/
Krutrim Kruti (Ola),founders,"Bhavish Aggarwal (founder; IIT Bombay; previously co-founded Ola Cabs)",https://ai-labs.olakrutrim.com/
Krutrim Kruti (Ola),modalities,"text + voice + image",https://ai-labs.olakrutrim.com/
Krutrim Kruti (Ola),volume_claim,"internal — undisclosed",https://ai-labs.olakrutrim.com/
Krutrim Kruti (Ola),conflict_resolution,LLM-arbitrate,https://ai-labs.olakrutrim.com/
Krutrim Kruti (Ola),created,"2025-06 (Kruti launched June 12 2025)",https://www.business-standard.com/companies/start-ups/krutrim-kruti-ai-bhavesh-aggarwal-india-localised-ai-assistant-125061500577_1.html
NAVER HyperCLOVA X THINK,pricing,"Enterprise only (contact sales; NAVER Cloud enterprise contracts)",https://clova.ai/en/hyperclova
NAVER HyperCLOVA X THINK,deployment,"Managed-only (NAVER Cloud; sovereign Korean deployment; Neurocloud hybrid option)",https://navercorp.com/en/tech/hyperclovax
NAVER HyperCLOVA X THINK,hq,"South Korea (Seongnam — NAVER HQ)",https://navercorp.com/en/tech/hyperclovax
NAVER HyperCLOVA X THINK,compliance,"17 compliance certifications; first Korean CSP with CSA STAR Gold Level + MTCS Level 3",https://www.navercloudcorp.com/NAVER_Cloud_251114_EN.pdf
NAVER HyperCLOVA X THINK,data_handling,"On-premise + private cloud options; Neurocloud for proprietary data training within secure network",https://www.navercloudcorp.com/NAVER_Cloud_251114_EN.pdf
NAVER HyperCLOVA X THINK,funding,"NAVER corporate (1+ trillion won invested in AI over 5 years; no external VC funding)",https://navercorp.com/en/tech/hyperclovax
NAVER HyperCLOVA X THINK,customers,"no data — searched not found (enterprise only; Korean enterprises and government; no names disclosed)",https://navercorp.com/en/tech/hyperclovax
NAVER HyperCLOVA X THINK,mindshare,"2 press mentions; NAVER subsidiary (no independent jobs signal)",https://www.navercorp.com/en/media/pressReleasesDetail?seq=33066
NAVER HyperCLOVA X THINK,founders,"NAVER Labs (Korean internet giant); corporate research lab; no individual founders",https://navercorp.com/en/tech/hyperclovax
NAVER HyperCLOVA X THINK,modalities,"no data — searched not found (text confirmed; video comprehension added in Feb 2025 HyperCLOVA X update)",https://navercorp.com/en/tech/hyperclovax
NAVER HyperCLOVA X THINK,volume_claim,"no data — searched not found",https://navercorp.com/en/tech/hyperclovax
NAVER HyperCLOVA X THINK,conflict_resolution,"no data — searched not found",https://navercorp.com/en/tech/hyperclovax
NAVER HyperCLOVA X THINK,created,"no data — searched not found (THINK variant; HyperCLOVA X base launched Aug 2023)",https://venturebeat.com/ai/koreas-naver-joins-generative-ai-race-with-hyperclova-x-large-language-model
M3-Agent (ByteDance),pricing,"not applicable — academic research code (no commercial pricing)",https://github.com/ByteDance-Seed/m3-agent
M3-Agent (ByteDance),deployment,"Self-hosted (research code; API config + memory graph files)",https://github.com/ByteDance-Seed/m3-agent
M3-Agent (ByteDance),hq,"China (ByteDance — Beijing HQ)",https://github.com/ByteDance-Seed/m3-agent
M3-Agent (ByteDance),compliance,"not applicable — not commercial",https://github.com/ByteDance-Seed/m3-agent
M3-Agent (ByteDance),data_handling,"not applicable — not commercial (research code)",https://github.com/ByteDance-Seed/m3-agent
M3-Agent (ByteDance),funding,"not applicable — ByteDance corporate research",https://github.com/ByteDance-Seed/m3-agent
M3-Agent (ByteDance),customers,"not applicable — corporate research product",https://github.com/ByteDance-Seed/m3-agent
M3-Agent (ByteDance),mindshare,"1.3k GitHub stars; below detection threshold",https://github.com/ByteDance-Seed/m3-agent
M3-Agent (ByteDance),founders,"ByteDance Seed team + Zhejiang University + SJTU; corporate research; no individual founders",https://github.com/ByteDance-Seed/m3-agent
M3-Agent (ByteDance),modalities,"text + video + audio (builds memory from live video and audio streams)",https://www.marktechpost.com/2025/08/19/meet-m3-agent-a-multimodal-agent-with-long-term-memory-and-enhanced-reasoning-capabilities/
M3-Agent (ByteDance),volume_claim,"no data — searched not found",https://arxiv.org/abs/2508.09736
M3-Agent (ByteDance),conflict_resolution,"no data — searched not found",https://arxiv.org/abs/2508.09736
AutoGLM (Zhipu AI),pricing,"Free + paid (AutoGLM Rumination free; commercial API via open.bigmodel.cn)",https://open.bigmodel.cn/pricing
AutoGLM (Zhipu AI),deployment,"Both (cloud API + local deployment option for privacy)",https://xiao9905.github.io/AutoGLM/
AutoGLM (Zhipu AI),hq,"China (Beijing — Zhipu AI / Z.ai)",https://www.zhipuai.cn/en
AutoGLM (Zhipu AI),compliance,"Chinese national standard compliance for AI-generated content (Sept 2025); GDPR/regional standards for local deployment",https://aiagentindex.mit.edu/2025/autoglm/
AutoGLM (Zhipu AI),data_handling,"Privacy Policy + User Agreement; local deployment option; data stays on-device for local mode",https://technode.com/2025/12/09/zhipu-ai-open-sources-autoglm-an-ai-agent-model-capable-of-full-phone-operation/
AutoGLM (Zhipu AI),funding,"$400M Series D ~May 2024 at ~$20B valuation; investors Alibaba and others",https://reads.alibaba.com/chinese-ai-model-zhipu-secures-410-million-funding-2024-revenue-to-double/
AutoGLM (Zhipu AI),customers,"Enterprise and consumer AI in China; 50+ high-frequency Chinese app integrations (WeChat, Taobao, Douyin, Meituan)",https://technode.com/2025/12/09/zhipu-ai-open-sources-autoglm-an-ai-agent-model-capable-of-full-phone-operation/
AutoGLM (Zhipu AI),mindshare,"25.2k GitHub stars; +196/mo; 3 press mentions; Zhipu AI subsidiary (no independent jobs signal)",https://technode.com/2025/12/09/zhipu-ai-open-sources-autoglm-an-ai-agent-model-capable-of-full-phone-operation/
AutoGLM (Zhipu AI),founders,"Zhipu AI (Tsinghua University spin-off); co-founders Tang Jie and Jie Tang (Tsinghua CS professors)",https://xiao9905.github.io/AutoGLM/
AutoGLM (Zhipu AI),modalities,"no data — searched not found (text confirmed; phone use implies GUI/screen; voice expected)",https://xiao9905.github.io/AutoGLM/
AutoGLM (Zhipu AI),volume_claim,"no data — searched not found (50+ app integrations; task memory across 20+ steps claimed)",https://technode.com/2025/12/09/zhipu-ai-open-sources-autoglm-an-ai-agent-model-capable-of-full-phone-operation/
AutoGLM (Zhipu AI),conflict_resolution,"no data — searched not found",https://xiao9905.github.io/AutoGLM/
Jamba (AI21 Labs),pricing,"Free trial ($10 credit, no CC required); pay-as-you-go per token; enterprise custom pricing with VPC/on-prem",https://www.ai21.com/jamba/
Jamba (AI21 Labs),deployment,"Both (AI21 Studio cloud; Azure/AWS Bedrock/GCP Vertex AI; private VPC; on-premises)",https://www.ai21.com/jamba/
Jamba (AI21 Labs),hq,"Israel (Tel Aviv)",https://en.wikipedia.org/wiki/AI21_Labs
Jamba (AI21 Labs),compliance,"SOC 2; ISO 27001/17/18 certified; GDPR; enterprise deployment enables GLBA + HIPAA-ready",https://www.ai21.com/jamba/
Jamba (AI21 Labs),data_handling,"Zero data visibility option via private VPC or on-prem; Microsoft Azure does not share prompt/output data with AI21",https://www.ai21.com/jamba/
Jamba (AI21 Labs),funding,"$608M total; Series D May 2025",https://en.wikipedia.org/wiki/AI21_Labs
Jamba (AI21 Labs),customers,"$58M ARR; 201-500 employees; Boston Consulting Group, Bain, Moderna, Amgen, Gates Foundation",https://www.ai21.com/jamba/
Jamba (AI21 Labs),mindshare,"no data — below detection threshold for memory-specific signal",https://www.ai21.com/jamba/
Jamba (AI21 Labs),founders,"Tel Aviv; co-founders Yoav Shoham (Stanford AI professor emeritus) and Amnon Shashua (Hebrew Univ; also Mobileye founder)",https://en.wikipedia.org/wiki/AI21_Labs
Jamba (AI21 Labs),modalities,text,https://www.ai21.com/jamba/
Jamba (AI21 Labs),volume_claim,"256K context on single 8-GPU node; Reasoning 3B at 250K context on laptop",https://www.ai21.com/jamba/
Jamba (AI21 Labs),conflict_resolution,"none specified (session-scoped; read-only KV-cache)",https://www.ai21.com/jamba/
Aleph Alpha PhariaAI,pricing,"Enterprise pricing (salesperson-led; no public price card; quoted by deployment model + SLA + compliance)",https://aleph-alpha.com/phariaai/
Aleph Alpha PhariaAI,deployment,"Both (on-prem + self-hosted inference + cloud API); European infrastructure",https://aleph-alpha.com/phariaai/
Aleph Alpha PhariaAI,hq,"Germany (Heidelberg)",https://en.wikipedia.org/wiki/Aleph_Alpha
Aleph Alpha PhariaAI,compliance,"GDPR-compliant; European infrastructure; co-built with PwC for legal/compliance applications",https://aleph-alpha.com/phariaai/
Aleph Alpha PhariaAI,data_handling,"Runs on European infrastructure; sovereign deployment for German government/defence; GDPR-compliant",https://aleph-alpha.com/phariaai/
Aleph Alpha PhariaAI,funding,"$532M total; Series B Nov 2023; investors Bosch + Schwarz Group + SAP + others",https://en.wikipedia.org/wiki/Aleph_Alpha
Aleph Alpha PhariaAI,customers,"German federal ministries; European defence agencies; banking/healthcare/legal; Schwarz Group; PwC joint venture",https://aleph-alpha.com/phariaai/
Aleph Alpha PhariaAI,mindshare,"no data — below detection threshold for HN/press (enterprise-only; no developer community)",https://aleph-alpha.com/phariaai/
Aleph Alpha PhariaAI,founders,"Jonas Andrulis (founder; ex-Apple AI research); Bosch/Schwarz Group strategic investors",https://medium.com/birds-view/biggest-ai-funding-in-europe-behind-the-scenes-of-aleph-alphas-500m-usd-series-b-d240dda878af
Aleph Alpha PhariaAI,modalities,"no data — searched not found",https://aleph-alpha.com/phariaai/
Aleph Alpha PhariaAI,volume_claim,"no data — searched not found",https://aleph-alpha.com/phariaai/
Aleph Alpha PhariaAI,conflict_resolution,"no data — searched not found",https://aleph-alpha.com/phariaai/
