row_name,section,integration_count,integration_count_cite,orchestration_patterns,orchestration_patterns_cite,programmatic_control,programmatic_control_cite,vendor_benchmarks,vendor_benchmarks_cite,pricing_specifics,pricing_specifics_cite,agent_abstraction,agent_abstraction_cite,memory_primitives,memory_primitives_cite,llm_lock,llm_lock_cite,runtimes,runtimes_cite,session_handling,session_handling_cite
Mem0,Dedicated memory layers,14,https://github.com/mem0ai/mem0 (analysis-4-network.md inbound: CrewAI/AutoGen/Haystack/DSPy/Langflow/AgentOps/Ratine/Strands/FalkorDB/Mem0 MCP/OpenMemory MCP/Mem0 Security/Inngest AgentKit/Pydantic-AI),both,https://docs.mem0.ai/open-source/features/multi-agent-memory,full CRUD + SDK (Python/Node REST),https://docs.mem0.ai/api-reference,"LoCoMo 91.6 (vendor); LMES ~26% improvement over OpenAI; ConvoMem 30 (vendor) — disputed by Zep counter-analysis",https://mem0.ai/research,"per-API-call: free tier 1k mem ops/mo; Starter $19/mo (50k ops); Pro $249/mo; Enterprise custom",https://mem0.ai/pricing,N/A — wrong section,N/A,N/A — wrong section,N/A,N/A — wrong section,N/A,N/A — wrong section,N/A,N/A — wrong section,N/A
Letta / MemGPT,Dedicated memory layers,1,https://github.com/letta-ai/letta (network analysis: 0 inbound from catalog rows; comparator only),single-agent,https://docs.letta.com/concepts/agent,full CRUD + SDK (Python/TS REST),https://docs.letta.com/api-reference,"LMES 83.2 (vendor); LoCoMo 74.0 with gpt-4o-mini (vendor)",https://www.letta.com/blog/benchmarking-ai-agent-memory,"per-message + per-agent tier flat-rate: Letta Cloud Free; Pro $20/mo; Enterprise custom; OSS self-hosted free",https://www.letta.com/pricing,N/A — wrong section,N/A,N/A — wrong section,N/A,N/A — wrong section,N/A,N/A — wrong section,N/A,N/A — wrong section,N/A
Zep & Graphiti,Dedicated memory layers,3,https://github.com/getzep/graphiti (analysis-4-network.md: AutoGen/FalkorDB/Graphiti MCP wrapper),both,https://help.getzep.com/graphiti/quickstart,full CRUD + SDK (Python/TS REST),https://help.getzep.com/sdk-reference,"LMES ~94.8% (vendor blog); disputed Mem0 LoCoMo via published counter-analysis",https://blog.getzep.com/state-of-the-art-agent-memory/,"tier flat-rate: Free; Standard $15/mo + $50 facts overage; Enterprise custom; Graphiti OSS free",https://www.getzep.com/pricing/,N/A — wrong section,N/A,N/A — wrong section,N/A,N/A — wrong section,N/A,N/A — wrong section,N/A,N/A — wrong section,N/A
Cognee,Dedicated memory layers,1,https://github.com/topoteretes/cognee (network analysis: Strands/Mem0 reverse partnership noted; 1 catalog inbound from Cognee MCP),both,https://docs.cognee.ai/quickstart,full CRUD + SDK (Python),https://docs.cognee.ai/api-reference,"vendor publishes pipeline-quality metrics; no LMES/LoCoMo/ConvoMem score on standard leaderboards — searched not found",https://www.cognee.ai/pricing,"per-API-call + tier flat-rate: Free; Pro €40/mo; Enterprise custom",https://www.cognee.ai/pricing,N/A — wrong section,N/A,N/A — wrong section,N/A,N/A — wrong section,N/A,N/A — wrong section,N/A,N/A — wrong section,N/A
Hindsight (Vectorize),Dedicated memory layers,2,https://hindsight.vectorize.io/ (Pydantic-AI integration; Hindsight MCP),both,https://hindsight.vectorize.io/blog/2026/03/09/pydantic-ai-persistent-memory,full CRUD + SDK + MCP server,https://hindsight.vectorize.io/docs,"LMES 91% (vendor; highest among standalone memory services per VentureBeat post)",https://venturebeat.com/ai/vectorize-hindsight-memory/,"tier flat-rate inside Vectorize platform pricing; Hindsight standalone — no data — searched not found",https://vectorize.io/pricing,N/A — wrong section,N/A,N/A — wrong section,N/A,N/A — wrong section,N/A,N/A — wrong section,N/A,N/A — wrong section,N/A
Supermemory,Dedicated memory layers,1,https://github.com/supermemoryai/supermemory (claude-supermemory plugin; 1 inbound),both,https://supermemory.ai/docs,full CRUD + SDK + MCP server,https://supermemory.ai/docs/api,"LMES self-reported #1 (Multi-Session 71.43% / Temporal 76.69%); LoCoMo #1 self-reported; ConvoMem #1 self-reported (late 2025) ⚠ self-reported",https://supermemory.ai/research/,"per-memory + tier flat-rate: Free 100 memories; Pro $15/mo; Enterprise custom",https://supermemory.ai/pricing,N/A — wrong section,N/A,N/A — wrong section,N/A,N/A — wrong section,N/A,N/A — wrong section,N/A,N/A — wrong section,N/A
Memvid,Dedicated memory layers,1,https://github.com/memvid/memvid (Memvid MCP plugin in Claude Code mechanisms section),agnostic,https://github.com/memvid/memvid#readme,full CRUD via Rust/Python lib (no remote API),https://github.com/memvid/memvid/blob/main/docs/api.md,"LoCoMo +35% (vendor); sub-millisecond ops 0.025ms P50",https://github.com/memvid/memvid,"OSS only (Apache-2.0); no commercial pricing",https://github.com/memvid/memvid,N/A — wrong section,N/A,N/A — wrong section,N/A,N/A — wrong section,N/A,N/A — wrong section,N/A,N/A — wrong section,N/A
Memobase,Dedicated memory layers,1,https://github.com/memodb-io/memobase (Memobase MCP),both,https://docs.memobase.io/quickstart,full CRUD + SDK (Python/Node/Go) + MCP,https://docs.memobase.io/api-reference,"vendor reports sub-100ms retrieval; no LMES/LoCoMo public score — searched not found",https://www.memobase.io/,"tier flat-rate + pay-as-you-go: Free for testing; production paid (price not detailed)",https://www.memobase.io/pricing,N/A — wrong section,N/A,N/A — wrong section,N/A,N/A — wrong section,N/A,N/A — wrong section,N/A,N/A — wrong section,N/A
OMEGA,Dedicated memory layers,0,https://omegamax.co/ (no inbound catalog edges),both,https://omegamax.co/docs,full CRUD + SDK,https://omegamax.co/docs,"LMES 95.4% (466/500) at 50ms (vendor) — claimed highest published",https://omegamax.co/,"open-core: Core free (Apache-2.0); Graph $249/mo; Pro multi-agent additional",https://omegamax.co/,N/A — wrong section,N/A,N/A — wrong section,N/A,N/A — wrong section,N/A,N/A — wrong section,N/A,N/A — wrong section,N/A
ByteRover,Dedicated memory layers,0,https://www.byterover.dev/ (no inbound catalog edges),single-agent,https://www.byterover.dev/docs,full CRUD via API,https://www.byterover.dev/docs,"LoCoMo 92.2% (vendor; ByteRover 2.0)",https://www.byterover.dev/,"tier flat-rate: Free; Team $149/mo; Enterprise",https://www.byterover.dev/pricing,N/A — wrong section,N/A,N/A — wrong section,N/A,N/A — wrong section,N/A,N/A — wrong section,N/A,N/A — wrong section,N/A
Backboard,Dedicated memory layers,0,https://github.com/Backboard-io (no inbound catalog edges),agnostic,https://backboard.io/docs,full CRUD via API,https://backboard.io/docs,"ships own LoCoMo benchmark fork (Backboard-Locomo-Benchmark) — score not headlined",https://github.com/Backboard-io/Backboard-Locomo-Benchmark,"usage-based tiered: free production-ready promo; paid scale tiers",https://backboard.io/pricing,N/A — wrong section,N/A,N/A — wrong section,N/A,N/A — wrong section,N/A,N/A — wrong section,N/A,N/A — wrong section,N/A
Hyperspell,Dedicated memory layers,0,https://www.hyperspell.com/ (no inbound catalog edges),single-agent,https://www.hyperspell.com/docs,SDK + connector-config (declarative),https://www.hyperspell.com/docs,"no data — searched not found (no published LMES/LoCoMo)",https://www.hyperspell.com/,"no data — searched not found",https://www.hyperspell.com/,N/A — wrong section,N/A,N/A — wrong section,N/A,N/A — wrong section,N/A,N/A — wrong section,N/A,N/A — wrong section,N/A
Memoria (MatrixOrigin),Dedicated memory layers,0,https://github.com/matrixorigin/Memoria (no inbound catalog edges),agnostic,https://github.com/matrixorigin/Memoria,full CRUD via lib,https://github.com/matrixorigin/Memoria,"LMES 88.78% overall (vendor blog)",https://medium.com/@matrixorigin-database/benchmarking-memoria-on-longmemeval-strong-memory-retrieval-clear-reader-separation-ee6c89c75d76,"no data — searched not found",https://github.com/matrixorigin/Memoria,N/A — wrong section,N/A,N/A — wrong section,N/A,N/A — wrong section,N/A,N/A — wrong section,N/A,N/A — wrong section,N/A
OpenMemory,Dedicated memory layers,0,https://github.com/CaviraOSS/OpenMemory (no inbound catalog edges; distinct from OpenMemory MCP wrapper),agnostic,https://openmemory.cavira.app/docs,full CRUD via lib,https://openmemory.cavira.app/docs,"no data — searched not found",https://openmemory.cavira.app/,"OSS only (Apache-2.0); self-hosted ~$5-8/mo for 100k memories",https://openmemory.cavira.app/docs/deployment/backend,N/A — wrong section,N/A,N/A — wrong section,N/A,N/A — wrong section,N/A,N/A — wrong section,N/A,N/A — wrong section,N/A
Memori,Dedicated memory layers,0,https://github.com/MemoriLabs/Memori (no inbound catalog edges),both,https://memorilabs.ai/docs,full CRUD via SDK,https://memorilabs.ai/docs,"no data — searched not found",https://memorilabs.ai/,"tier flat-rate: free + paid Memori Cloud (builders/growing/production)",https://memorilabs.ai/pricing/,N/A — wrong section,N/A,N/A — wrong section,N/A,N/A — wrong section,N/A,N/A — wrong section,N/A,N/A — wrong section,N/A
MemMachine,Dedicated memory layers,0,https://github.com/MemMachine/MemMachine (no inbound catalog edges; Anda Hippocampus is distinct),both,https://memmachine.ai/docs,full CRUD via lib,https://memmachine.ai/docs,"no data — searched not found",https://memmachine.ai/,"OSS free; Enterprise coming soon — no public price",https://memmachine.ai/,N/A — wrong section,N/A,N/A — wrong section,N/A,N/A — wrong section,N/A,N/A — wrong section,N/A,N/A — wrong section,N/A
Memary,Dedicated memory layers,0,https://github.com/kingjulio8238/Memary (no inbound catalog edges),single-agent,https://github.com/kingjulio8238/Memary,full CRUD via lib,https://github.com/kingjulio8238/Memary,"no data — searched not found",https://github.com/kingjulio8238/Memary,"OSS only (MIT)",https://github.com/kingjulio8238/Memary,N/A — wrong section,N/A,N/A — wrong section,N/A,N/A — wrong section,N/A,N/A — wrong section,N/A,N/A — wrong section,N/A
Anda Hippocampus,Dedicated memory layers,0,https://github.com/ldclabs/anda-hippocampus (no inbound catalog edges),single-agent,https://github.com/ldclabs/anda-hippocampus,full CRUD via Rust lib,https://github.com/ldclabs/anda-hippocampus,"no data — searched not found",https://github.com/ldclabs/anda-hippocampus,"OSS only (Apache-2.0 + MIT)",https://github.com/ldclabs/anda-hippocampus,N/A — wrong section,N/A,N/A — wrong section,N/A,N/A — wrong section,N/A,N/A — wrong section,N/A,N/A — wrong section,N/A
O-Mem,Dedicated memory layers,0,https://github.com/OPPO-PersonalAI/O-Mem (no inbound catalog edges; academic),single-agent,https://github.com/OPPO-PersonalAI/O-Mem,read-only research code,https://github.com/OPPO-PersonalAI/O-Mem,"no data — searched not found (paper-stage)",https://github.com/OPPO-PersonalAI/O-Mem,"not applicable — academic research code",https://github.com/OPPO-PersonalAI/O-Mem,N/A — wrong section,N/A,N/A — wrong section,N/A,N/A — wrong section,N/A,N/A — wrong section,N/A,N/A — wrong section,N/A
SuperLocalMemory,Dedicated memory layers,0,https://www.superlocalmemory.com/ (no inbound catalog edges),agnostic,https://www.superlocalmemory.com/docs,full CRUD via lib (zero-LLM mode),https://www.superlocalmemory.com/docs,"LoCoMo 74.8% Mode A (zero LLM); 87.7% Mode C (vendor; arxiv 2603.14588)",https://arxiv.org/abs/2603.14588,"no data — searched not found (AGPL v3 OSS)",https://www.superlocalmemory.com/,N/A — wrong section,N/A,N/A — wrong section,N/A,N/A — wrong section,N/A,N/A — wrong section,N/A,N/A — wrong section,N/A
VEKTOR Memory,Dedicated memory layers,0,https://www.vektor-memory.com/ (no inbound catalog edges),single-agent,https://dev.to/vektor_memory_43f51a32376/vektor-openai-agents-sdk-production-memory-in-three-lines-59p6,full CRUD via Node/TS lib,https://www.vektor-memory.com/docs,"no data — searched not found",https://www.vektor-memory.com/,"per-seat subscription $9/mo OR one-time $159 commercial license (3 machines)",https://dev.to/vektor_memory_43f51a32376/vektor-openai-agents-sdk-production-memory-in-three-lines-59p6,N/A — wrong section,N/A,N/A — wrong section,N/A,N/A — wrong section,N/A,N/A — wrong section,N/A,N/A — wrong section,N/A
Memory Store,Dedicated memory layers,0,https://www.ycombinator.com/companies/memory-store (no inbound catalog edges; YC P26 stage),both,https://www.ycombinator.com/companies/memory-store,"no data — searched not found (early stage)",https://www.ycombinator.com/companies/memory-store,"no data — searched not found",https://www.ycombinator.com/companies/memory-store,"no data — searched not found",https://www.ycombinator.com/companies/memory-store,N/A — wrong section,N/A,N/A — wrong section,N/A,N/A — wrong section,N/A,N/A — wrong section,N/A,N/A — wrong section,N/A
Interloom,Dedicated memory layers,0,https://interloom.com/ (no inbound catalog edges; enterprise),agnostic,https://interloom.com/en/,enterprise SDK + workflow connectors,https://interloom.com/en/,"no data — searched not found",https://interloom.com/,"enterprise pricing; no setup fees; fixed-price per interaction",https://interloom.com/en/pricing/,N/A — wrong section,N/A,N/A — wrong section,N/A,N/A — wrong section,N/A,N/A — wrong section,N/A,N/A — wrong section,N/A
Nyne,Dedicated memory layers,0,https://nyne.ai/ (no inbound catalog edges; early stage),agnostic,https://nyne.ai/,"no data — searched not found",https://nyne.ai/,"no data — searched not found",https://nyne.ai/,"no data — searched not found",https://nyne.ai/,N/A — wrong section,N/A,N/A — wrong section,N/A,N/A — wrong section,N/A,N/A — wrong section,N/A,N/A — wrong section,N/A
NeoCognition,Dedicated memory layers,0,https://neocognition.io/ (no inbound catalog edges; stealth-emerged April 2026),agnostic,https://neocognition.io/,"no data — searched not found",https://neocognition.io/,"no data — searched not found",https://neocognition.io/,"no data — searched not found",https://neocognition.io/,N/A — wrong section,N/A,N/A — wrong section,N/A,N/A — wrong section,N/A,N/A — wrong section,N/A,N/A — wrong section,N/A
MemoraX AI,Dedicated memory layers,0,https://eu.36kr.com/en/p/3785834045583875 (no inbound catalog edges; early stage),agnostic,https://eu.36kr.com/en/p/3785834045583875,"no data — searched not found (intrinsic capability via Agentic RL)",https://eu.36kr.com/en/p/3785834045583875,"no data — searched not found",https://eu.36kr.com/en/p/3785834045583875,"no data — searched not found",https://eu.36kr.com/en/p/3785834045583875,N/A — wrong section,N/A,N/A — wrong section,N/A,N/A — wrong section,N/A,N/A — wrong section,N/A,N/A — wrong section,N/A
Trace,Dedicated memory layers,0,https://www.ycombinator.com/companies/trace-so (no inbound catalog edges; YC S25 stage),agnostic,https://www.ycombinator.com/companies/trace-so,"no data — searched not found",https://www.ycombinator.com/companies/trace-so,"no data — searched not found",https://www.ycombinator.com/companies/trace-so,"no data — searched not found",https://www.ycombinator.com/companies/trace-so,N/A — wrong section,N/A,N/A — wrong section,N/A,N/A — wrong section,N/A,N/A — wrong section,N/A,N/A — wrong section,N/A
Cellon (Memory.inc),Dedicated memory layers,0,https://en.wowtale.net/2026/04/30/233992/ (no inbound catalog edges; early seed),agnostic,https://en.wowtale.net/2026/04/30/233992/,"no data — searched not found",https://en.wowtale.net/2026/04/30/233992/,"no data — searched not found",https://en.wowtale.net/2026/04/30/233992/,"no data — searched not found",https://en.wowtale.net/2026/04/30/233992/,N/A — wrong section,N/A,N/A — wrong section,N/A,N/A — wrong section,N/A,N/A — wrong section,N/A,N/A — wrong section,N/A
MemWal (Walrus),Dedicated memory layers,0,https://decrypt.co/365834/agentic-memory-walrus-takes-on-ais-next-big-bottleneck (no inbound catalog edges; OpenClaw/NemoClaw plugins outbound only),agnostic,https://www.walrus.xyz/docs,SDK over on-chain storage,https://www.walrus.xyz/docs,"no data — searched not found",https://www.walrus.xyz/,"$WAL token-based usage; comparable to centralised models per Mysten Labs",https://www.blocksandfiles.com/ai-ml/2026/03/31/walrus-pitches-memwal-as-decentralized-storage-for-ai-agent-memory/5213479,N/A — wrong section,N/A,N/A — wrong section,N/A,N/A — wrong section,N/A,N/A — wrong section,N/A,N/A — wrong section,N/A
Jamba (AI21 Labs),Dedicated memory layers,0,https://www.ai21.com/jamba/ (no inbound catalog edges; foundation-model-as-memory),single-agent,https://docs.ai21.com/,read-only API + on-prem deploy,https://docs.ai21.com/,"vendor: 256K context single 8-GPU node; 3x throughput vs Mixtral 8x7B on long contexts",https://www.ai21.com/jamba/,"per-token-stored / per-API-call: free trial $10; pay-as-you-go per token; enterprise VPC/on-prem custom",https://www.ai21.com/jamba/,N/A — wrong section,N/A,N/A — wrong section,N/A,N/A — wrong section,N/A,N/A — wrong section,N/A,N/A — wrong section,N/A
Aleph Alpha PhariaAI,Dedicated memory layers,0,https://aleph-alpha.com/phariaai/ (no inbound catalog edges; sovereign enterprise),single-agent,https://aleph-alpha.com/phariaai/,enterprise SDK,https://aleph-alpha.com/phariaai/,"no data — searched not found",https://aleph-alpha.com/phariaai/,"enterprise only (no public pricing)",https://aleph-alpha.com/phariaai/,N/A — wrong section,N/A,N/A — wrong section,N/A,N/A — wrong section,N/A,N/A — wrong section,N/A,N/A — wrong section,N/A
AI Singapore SEA-LION,Dedicated memory layers,0,https://sea-lion.ai/models/ (no inbound catalog edges; embedding model + benchmark),agnostic,https://sea-lion.ai/models/,read-only API + HF download,https://sea-lion.ai/models/,"SOTA on SEA-BED for 10 SEA languages (vendor)",https://sea-lion.ai/models/,"OSS only (free download; HF + AISG)",https://sea-lion.ai/models/,N/A — wrong section,N/A,N/A — wrong section,N/A,N/A — wrong section,N/A,N/A — wrong section,N/A,N/A — wrong section,N/A
Krutrim Kruti (Ola),Dedicated memory layers,0,https://ai-labs.olakrutrim.com/ (no inbound catalog edges; consumer agent),multi-agent,https://www.olakrutrim.com/,SDK for third-party embedding,https://www.olakrutrim.com/,"no data — searched not found (vendor: 13 languages launch)",https://www.olakrutrim.com/,"INR-billed; A100 instances priced; consumer app free at launch",https://www.olakrutrim.com/,N/A — wrong section,N/A,N/A — wrong section,N/A,N/A — wrong section,N/A,N/A — wrong section,N/A,N/A — wrong section,N/A
NAVER HyperCLOVA X THINK,Dedicated memory layers,0,https://navercorp.com/en/tech/hyperclovax (no inbound catalog edges; sovereign LLM),single-agent,https://clova.ai/en/hyperclova,enterprise API,https://clova.ai/en/hyperclova,"vendor: outperforms global models on Korean benchmarks",https://navercorp.com/en/tech/hyperclovax,"enterprise only",https://clova.ai/en/hyperclova,N/A — wrong section,N/A,N/A — wrong section,N/A,N/A — wrong section,N/A,N/A — wrong section,N/A,N/A — wrong section,N/A
M3-Agent (ByteDance),Dedicated memory layers,0,https://github.com/ByteDance-Seed/m3-agent (no inbound catalog edges; academic),single-agent,https://github.com/ByteDance-Seed/m3-agent,research code,https://github.com/ByteDance-Seed/m3-agent,"+6.7%/+7.7%/+5.3% on M3-Bench-robot/web/VideoMME-long vs Gemini-1.5-pro+GPT-4o (vendor)",https://github.com/ByteDance-Seed/m3-agent,"not applicable — academic research code",https://github.com/ByteDance-Seed/m3-agent,N/A — wrong section,N/A,N/A — wrong section,N/A,N/A — wrong section,N/A,N/A — wrong section,N/A,N/A — wrong section,N/A
AutoGLM (Zhipu AI),Dedicated memory layers,0,https://xiao9905.github.io/AutoGLM/ (no inbound catalog edges; consumer GUI agent),multi-agent,https://xiao9905.github.io/AutoGLM/,enterprise API + consumer app,https://open.bigmodel.cn/,"vendor: 50+ Chinese apps supported; AutoGLM-Thinking concurrent thinking+acting",https://xiao9905.github.io/AutoGLM/,"per-API-call + tier flat-rate via BigModel pricing",https://open.bigmodel.cn/pricing,N/A — wrong section,N/A,N/A — wrong section,N/A,N/A — wrong section,N/A,N/A — wrong section,N/A,N/A — wrong section,N/A
LangMem (LangChain),Framework-embedded memory,1,https://github.com/langchain-ai/langmem (network: LangSmith inbound; LangMem first-party module of LangChain),both,https://langchain-ai.github.io/langmem/,full CRUD + SDK,https://langchain-ai.github.io/langmem/reference/,"no data — searched not found (LangChain ecosystem cites LMES community results, not vendor-stated)",https://langchain-ai.github.io/langmem/,"OSS free; tier flat-rate via LangSmith ($39/mo Plus; Enterprise custom)",https://www.langchain.com/pricing,DAG (LangGraph),https://docs.langchain.com/oss/python/langgraph/concepts/low_level,multiple (key-value + vector + thread/conversation),https://langchain-ai.github.io/langmem/concepts/conceptual_guide/,any (BYO),https://python.langchain.com/docs/integrations/chat/,"Python, Node/TypeScript",https://js.langchain.com/docs/get_started/introduction,checkpoint-resumable thread,https://docs.langchain.com/oss/python/langgraph/persistence
CrewAI Memory,Framework-embedded memory,3,https://github.com/crewAIInc/crewAI (mcp-memory-service inbound; Microsoft Agent Governance Toolkit; ecosystem comparators),multi-agent supervisor,https://docs.crewai.com/concepts/agents,full CRUD via Python SDK,https://docs.crewai.com/api-reference,"no data — searched not found (delegates to Mem0 for long-term)",https://docs.crewai.com/concepts/memory,"OSS free; CrewAI Enterprise tier flat-rate (price not detailed publicly)",https://crewai.com/pricing,multi-agent supervisor (role-based crew),https://docs.crewai.com/concepts/crews,multiple (vector + thread/conversation; Mem0 for long-term),https://docs.crewai.com/concepts/memory,any (BYO),https://docs.crewai.com/concepts/llms,Python,https://github.com/crewAIInc/crewAI,persistent thread (per-crew session),https://docs.crewai.com/concepts/memory
LlamaIndex Memory,Framework-embedded memory,0,https://github.com/run-llama/llama_index (no inbound integration edges in catalog),single-agent,https://docs.llamaindex.ai/en/stable/module_guides/deploying/agents/,full CRUD via Python/TS SDK,https://docs.llamaindex.ai/en/stable/api_reference/memory/,"no data — searched not found",https://docs.llamaindex.ai/en/stable/module_guides/deploying/agents/memory/,"OSS free; LlamaCloud tier flat-rate",https://www.llamaindex.ai/pricing,ReAct + state-machine (Workflows),https://docs.llamaindex.ai/en/stable/module_guides/workflow/,multiple (FIFO chat + vector long-term blocks),https://docs.llamaindex.ai/en/stable/module_guides/deploying/agents/memory/,any (BYO),https://docs.llamaindex.ai/en/stable/module_guides/models/llms/,"Python, Node/TypeScript",https://ts.llamaindex.ai/,persistent thread (Memory class),https://docs.llamaindex.ai/en/stable/module_guides/deploying/agents/memory/
AutoGen Memory,Framework-embedded memory,1,https://github.com/microsoft/autogen (Zep listed as memory option; merged into Microsoft Agent Framework Oct 2025),multi-agent supervisor,https://microsoft.github.io/autogen/,full CRUD via Python SDK,https://microsoft.github.io/autogen/,"no data — searched not found",https://microsoft.github.io/autogen/,"OSS (MIT) free; Azure AI Foundry consumption-based when managed",https://github.com/microsoft/autogen,multi-agent supervisor (group chat),https://microsoft.github.io/autogen/docs/tutorial/conversation-patterns,multiple (ListMemory chronological + teachable vector),https://microsoft.github.io/autogen/docs/tutorial/memory,any (BYO via OpenAI-compatible adapters),https://microsoft.github.io/autogen/,Python,https://github.com/microsoft/autogen,sticky session (conversable agent),https://microsoft.github.io/autogen/docs/tutorial/conversation-patterns
Mastra Memory,Framework-embedded memory,0,https://github.com/mastra-ai/mastra (no catalog inbound edges),both,https://mastra.ai/docs/memory/overview,full CRUD via TS SDK,https://mastra.ai/docs/reference,"LMES 94.87% with gpt-5-mini; 84.23% with gpt-4o (vendor)",https://mastra.ai/blog/observational-memory,"OSS free + Mastra Cloud paid (price tiers not detailed publicly)",https://mastra.ai/pricing,DAG (Workflow) + actor (Agent),https://mastra.ai/docs/agents/00-overview,multiple (LibSQL key-value + vector via fastembed-js),https://mastra.ai/docs/memory/overview,any (BYO; OpenAI/Anthropic/Google/local),https://mastra.ai/docs/llms-and-providers/00-overview,Node/TypeScript,https://mastra.ai/docs/getting-started/installation,persistent thread (per-thread memory),https://mastra.ai/docs/memory/overview
Semantic Kernel Memory,Framework-embedded memory,0,https://github.com/microsoft/semantic-kernel (no catalog inbound edges; merged into Microsoft Agent Framework),single-agent,https://learn.microsoft.com/en-us/semantic-kernel/overview/,full CRUD via plugin API (.NET/Python/Java),https://learn.microsoft.com/en-us/semantic-kernel/concepts/plugins/,"no data — searched not found",https://learn.microsoft.com/en-us/semantic-kernel/frameworks/agent/agent-memory,"OSS (MIT) free; pay only Azure/model consumption",https://learn.microsoft.com/en-us/semantic-kernel/overview/,ReAct + plan-and-execute,https://learn.microsoft.com/en-us/semantic-kernel/concepts/planners/,multiple (vector + key-value via plugin),https://learn.microsoft.com/en-us/semantic-kernel/frameworks/agent/agent-memory,any (BYO via connectors),https://learn.microsoft.com/en-us/semantic-kernel/concepts/ai-services/,"Python, .NET, Java",https://learn.microsoft.com/en-us/semantic-kernel/get-started/supported-languages,sticky session,https://learn.microsoft.com/en-us/semantic-kernel/frameworks/agent/agent-memory
Pydantic-AI + Hindsight,Framework-embedded memory,0,https://hindsight.vectorize.io/blog/2026/03/09/pydantic-ai-persistent-memory (Hindsight is the memory; Pydantic-AI ships none; outbound integration only),single-agent,https://hindsight.vectorize.io/blog/2026/03/09/pydantic-ai-persistent-memory,full CRUD via Hindsight SDK,https://hindsight.vectorize.io/docs,"LMES 91% (Hindsight; vendor)",https://hindsight.vectorize.io/,"OSS pydantic-ai (MIT); Hindsight pricing separate",https://hindsight.vectorize.io/blog/2026/03/09/pydantic-ai-persistent-memory,ReAct,https://ai.pydantic.dev/agents/,thread/conversation (auto-injected memory instructions),https://hindsight.vectorize.io/blog/2026/03/09/pydantic-ai-persistent-memory,any (BYO via Anthropic/OpenAI/Google/Groq/Mistral providers),https://ai.pydantic.dev/models/,Python,https://ai.pydantic.dev/install/,stateless by default (memory bolted on),https://hindsight.vectorize.io/blog/2026/03/09/pydantic-ai-persistent-memory
LangGraph Persistence,Framework-embedded memory,5,https://docs.langchain.com/oss/python/langgraph/persistence (AWS AgentCore/mcp-memory-service/LangSmith/MongoDB Atlas/LangMem inbound),both,https://docs.langchain.com/oss/python/langgraph/persistence,full CRUD via Python/TS SDK,https://docs.langchain.com/oss/python/langgraph/reference,"no data — searched not found",https://docs.langchain.com/oss/python/langgraph/,"OSS (MIT) free; LangSmith Deployment Free 100k nodes/mo; Plus/Enterprise tier flat-rate + usage",https://www.zenml.io/blog/langgraph-pricing,DAG (StateGraph),https://docs.langchain.com/oss/python/langgraph/concepts/low_level,multiple (checkpointer thread + Store key-value + vector + TTL),https://docs.langchain.com/oss/python/langgraph/persistence,any (BYO),https://python.langchain.com/docs/integrations/chat/,"Python, Node/TypeScript",https://js.langchain.com/docs/langgraph,checkpoint-resumable thread,https://docs.langchain.com/oss/python/langgraph/persistence
smolagents Memory,Framework-embedded memory,0,https://github.com/huggingface/smolagents (no catalog inbound edges; barebones),single-agent,https://huggingface.co/docs/smolagents/tutorials/memory,read-only API + step-callback hooks (no built-in persistence),https://huggingface.co/docs/smolagents/tutorials/memory,"no data — searched not found",https://huggingface.co/docs/smolagents/,"OSS (Apache-2.0) free; HF Enterprise Hub $20/user/mo",https://huggingface.co/pricing,ReAct (CodeAct),https://huggingface.co/blog/smolagents,scratchpad/working (Python list),https://huggingface.co/docs/smolagents/tutorials/memory,any (BYO via HF Inference / OpenAI / local),https://huggingface.co/docs/smolagents/,Python,https://github.com/huggingface/smolagents,stateless by default (persistence DIY),https://huggingface.co/docs/smolagents/tutorials/memory
Agno (Phidata) Memory,Framework-embedded memory,0,https://github.com/agno-agi/agno (5 outbound — LanceDB/Pinecone/Weaviate/Qdrant/Neptune; 0 catalog inbound),both,https://docs.phidata.com/agents/memory,full CRUD via Python SDK,https://docs.phidata.com/agents,"no data — searched not found",https://docs.phidata.com/agents/memory,"OSS (Apache-2.0) free; Agno Cloud usage-based with free tier; no per-event fees; no egress",https://www.agno.com/pricing,multi-agent supervisor (Team) + actor (Agent),https://docs.phidata.com/agents/teams,multiple (AgentStorage DB + AgentMemory vector),https://docs.phidata.com/agents/memory,any (BYO),https://docs.phidata.com/agents/llms,Python,https://github.com/agno-agi/agno,persistent thread (per-session),https://docs.phidata.com/agents/memory
Strands Agents Memory (AWS),Framework-embedded memory,0,https://strandsagents.com/ (5 outbound — Mem0/Bedrock AgentCore/FAISS/OpenSearch/Neptune; 0 catalog inbound),both,https://strandsagents.com/,full CRUD via Python SDK,https://strandsagents.com/api,"no data — searched not found",https://strandsagents.com/,"OSS free; Bedrock AgentCore Memory $0.25/1k short-term events; Runtime separately priced (per-API-call + per-token)",https://aws.amazon.com/bedrock/agentcore/pricing/,multi-agent supervisor + ReAct,https://strandsagents.com/,multiple (FAISS local; OpenSearch prod; Mem0 long-term),https://docs.aws.amazon.com/bedrock-agentcore/latest/devguide/strands-sdk-memory.html,multi-vendor (Bedrock/Anthropic/Gemini/OpenAI),https://strandsagents.com/,Python,https://strandsagents.com/,checkpoint-resumable thread (Bedrock AgentCore),https://docs.aws.amazon.com/bedrock-agentcore/latest/devguide/strands-sdk-memory.html
OpenAI Agents SDK Memory,Framework-embedded memory,0,https://openai.github.io/openai-agents-python/ (Pinecone outbound; 0 catalog inbound),both,https://openai.github.io/openai-agents-python/ref/memory/,full CRUD via Python/JS SDK,https://openai.github.io/openai-agents-python/ref/,"no data — searched not found",https://openai.github.io/openai-agents-python/,"SDK OSS free; pay OpenAI API (e.g. GPT-5.4 $2.50/$15 per M tokens) — per-token-stored",https://openai.com/api/pricing/,ReAct (Sessions + RunContext),https://openai.github.io/openai-agents-python/ref/memory/,multiple (Sessions working + categorised long-term project/user/policy + external vector),https://openai.github.io/openai-agents-python/ref/memory/,single-vendor (OpenAI; OpenAI-Compatible adapters possible),https://openai.github.io/openai-agents-python/,"Python, Node/TypeScript",https://github.com/openai/openai-agents-js,sticky session + persistent thread,https://openai.github.io/openai-agents-python/ref/memory/
Google ADK Memory,Framework-embedded memory,1,https://google.github.io/adk-docs/ (Cognee native integration inbound; 0 catalog inbound),both,https://google.github.io/adk-docs/sessions/memory/,full CRUD via Python SDK + REST,https://google.github.io/adk-docs/api-reference,"no data — searched not found",https://google.github.io/adk-docs/,"ADK OSS free; Vertex AI Memory Bank + Agent Engine consumption-based pay-per-use (per-API-call)",https://docs.cloud.google.com/agent-builder/agent-development-kit/overview,multi-agent supervisor + ReAct,https://google.github.io/adk-docs/,multiple (Session InMemory/Database/VertexAI + MemoryBank long-term),https://google.github.io/adk-docs/sessions/memory/,multi-vendor (Vertex/Anthropic/OpenAI via plugins),https://google.github.io/adk-docs/,"Python, Java",https://google.github.io/adk-docs/get-started/installation,persistent thread (Memory Bank),https://google.github.io/adk-docs/sessions/memory/
Haystack Memory (deepset),Framework-embedded memory,1,https://github.com/deepset-ai/haystack (Mem0 listed as memory store option; 0 catalog inbound),single-agent,https://haystack.deepset.ai/,full CRUD via pipeline component (Python),https://docs.haystack.deepset.ai/reference,"no data — searched not found",https://haystack.deepset.ai/,"OSS (Apache-2.0) free; deepset Cloud tier flat-rate + Enterprise Platform custom",https://www.deepset.ai/products-and-services/haystack-enterprise-platform,DAG (declarative pipeline),https://docs.haystack.deepset.ai/docs/pipelines,multiple (InMemoryChatMessageStore + ConversationSummaryMemory + external),https://docs.haystack.deepset.ai/docs/memory,any (BYO via Generators),https://docs.haystack.deepset.ai/docs/generators,Python,https://github.com/deepset-ai/haystack,sticky session (pipeline-scoped),https://docs.haystack.deepset.ai/docs/memory
Spring AI ChatMemory,Framework-embedded memory,1,https://spring.io/projects/spring-ai (Neo4j outbound; 0 catalog inbound),single-agent,https://docs.spring.io/spring-ai/reference/api/chat-memory.html,full CRUD via Java SDK + ChatMemoryRepository plugin,https://docs.spring.io/spring-ai/reference/api/chat-memory.html,"no data — searched not found",https://docs.spring.io/spring-ai/reference/,"OSS (Apache-2.0) free; Tanzu Spring Enterprise subscription for commercial support",https://techdocs.broadcom.com/us/en/vmware-tanzu/spring/tanzu-spring/commercial/spring-tanzu/spring-enterprise-subscription.html,actor model (ChatClient + Advisor),https://docs.spring.io/spring-ai/reference/api/chatclient.html,multiple (MessageWindowChatMemory + JDBC/Cassandra/Neo4j repository),https://docs.spring.io/spring-ai/reference/api/chat-memory.html,any (BYO via ChatModel),https://docs.spring.io/spring-ai/reference/api/chatmodel.html,Java,https://docs.spring.io/spring-ai/reference/getting-started.html,sticky session (per ChatClient),https://docs.spring.io/spring-ai/reference/api/chat-memory.html
DSPy History,Framework-embedded memory,0,https://dspy.ai/ (Mem0 outbound via tutorial; 0 catalog inbound),single-agent,https://dspy.ai/api/primitives/History/,DSL (Signature primitive — typed field),https://dspy.ai/api/primitives/History/,"no data — searched not found",https://dspy.ai/,"OSS (Apache-2.0) free; dspy.ai commercial services pricing not publicly listed",https://getlatka.com/companies/dspy.ai/funding,state-machine (Module compose) + ReAct,https://dspy.ai/learn/programming/modules/,thread/conversation (messages: list[dict]),https://dspy.ai/api/primitives/History/,any (BYO via dspy.LM),https://dspy.ai/learn/programming/language_models/,Python,https://dspy.ai/learn/installation/,stateless (DSPy compiles forward; memory injected as field),https://dspy.ai/api/primitives/History/
Pydantic-AI MemoryTool,Framework-embedded memory,0,https://ai.pydantic.dev/ (Anthropic SDK passthrough; 0 catalog inbound),single-agent,https://pydantic.dev/docs/ai/tools-toolsets/builtin-tools/,read-only via BetaAbstractMemoryTool (Anthropic delegated),https://pydantic.dev/docs/ai/tools-toolsets/builtin-tools/,"no data — searched not found",https://ai.pydantic.dev/,"OSS (MIT) free; pay Anthropic API; Pydantic Logfire separate",https://pydantic.dev/pydantic-ai,ReAct,https://ai.pydantic.dev/agents/,thread/conversation (Anthropic memory tool),https://pydantic.dev/docs/ai/tools-toolsets/builtin-tools/,single-vendor (Anthropic only for memory tool; multi-vendor for chat),https://pydantic.dev/docs/ai/tools-toolsets/builtin-tools/,Python,https://ai.pydantic.dev/install/,stateless (memory provider-delegated),https://pydantic.dev/docs/ai/tools-toolsets/builtin-tools/
Inngest AgentKit — Network State,Framework-embedded memory,0,https://agentkit.inngest.com/ (Mem0 cookbook outbound; 0 catalog inbound),multi-agent supervisor,https://agentkit.inngest.com/concepts/memory,full CRUD via TS SDK + Inngest functions,https://agentkit.inngest.com/reference,"no data — searched not found",https://agentkit.inngest.com/,"tier flat-rate: Free; Pro; Enterprise custom (price not published)",https://www.inngest.com/pricing,multi-agent supervisor + state-machine (Network),https://agentkit.inngest.com/concepts/networks,key-value (Network State shared),https://agentkit.inngest.com/concepts/memory,any (BYO),https://agentkit.inngest.com/concepts/models,Node/TypeScript,https://agentkit.inngest.com/getting-started/installation,checkpoint-resumable (durable Inngest function),https://agentkit.inngest.com/concepts/memory
Rivet Memory Node (Ironclad),Framework-embedded memory,0,https://rivet.ironcladapp.com/ (no catalog inbound),single-agent,https://rivet.ironcladapp.com/docs,full CRUD via visual graph node,https://rivet.ironcladapp.com/docs,"no data — searched not found",https://rivet.ironcladapp.com/,"OSS (MIT) free",https://github.com/Ironclad/rivet,DAG (visual graph),https://rivet.ironcladapp.com/docs,key-value (stable-ID memory node),https://rivet.ironcladapp.com/docs,any (BYO),https://rivet.ironcladapp.com/docs,Node/TypeScript,https://github.com/Ironclad/rivet,sticky session (graph execution scoped),https://rivet.ironcladapp.com/docs
AGiXT Adaptive Memory,Framework-embedded memory,0,https://github.com/Josh-XT/AGiXT (no catalog inbound),multi-agent supervisor,https://github.com/Josh-XT/AGiXT,full CRUD via REST + Python plugin SDK,https://josh-xt.github.io/AGiXT/,"no data — searched not found",https://josh-xt.github.io/AGiXT/,"OSS (MIT) free; agixt.com hosted service price not publicly listed",https://agixt.com/,multi-agent supervisor + state-machine,https://josh-xt.github.io/AGiXT/,multiple (short + long-term + plugin backends),https://josh-xt.github.io/AGiXT/,multi-vendor (20+ LLM providers),https://github.com/Josh-XT/AGiXT,Python,https://github.com/Josh-XT/AGiXT,persistent thread,https://josh-xt.github.io/AGiXT/
n8n AI Agent Memory,Framework-embedded memory,0,https://n8n.io/ (4 outbound — Qdrant/Pinecone/MongoDB/Redis; 0 catalog inbound),hybrid,https://docs.n8n.io/advanced-ai/examples/understand-memory/,declarative config (workflow nodes),https://docs.n8n.io/integrations/builtin/cluster-nodes/sub-nodes/,"no data — searched not found",https://docs.n8n.io/advanced-ai/,"per-execution: free self-hosted Community Edition; Cloud Starter €20/mo; Pro €50/mo; Business $800/mo (40k executions); Enterprise custom",https://n8n.io/pricing/,DAG (workflow),https://docs.n8n.io/workflows/,multiple (Simple/Postgres/Redis + Qdrant/Pinecone/MongoDB),https://docs.n8n.io/advanced-ai/examples/understand-memory/,any (BYO via LLM nodes),https://docs.n8n.io/integrations/builtin/cluster-nodes/root-nodes/n8n-nodes-langchain.lmchatopenai/,"Node/TypeScript runtime; declarative cross-language",https://github.com/n8n-io/n8n,sticky session (per workflow execution),https://docs.n8n.io/advanced-ai/examples/understand-memory/
Voiceflow Memory,Framework-embedded memory,0,https://www.voiceflow.com/ (no catalog inbound),single-agent,https://docs.voiceflow.com/docs/memory,declarative config + REST API,https://docs.voiceflow.com/reference,"no data — searched not found",https://www.voiceflow.com/,"tier flat-rate: Free 100 credits/mo; Pro $60/mo (10k credits); Business $150/mo/editor",https://www.voiceflow.com/pricing,state-machine (chatbot flow),https://docs.voiceflow.com/docs,thread/conversation (vf_memory transcript variable),https://docs.voiceflow.com/docs/memory,multi-vendor (OpenAI/Anthropic/Gemini/Cohere),https://docs.voiceflow.com/docs/llm-config,declarative cross-language,https://www.voiceflow.com/,sticky session (configurable up to 100 turns; optional indefinite cross-session),https://docs.voiceflow.com/docs/memory
Flowise Memory,Framework-embedded memory,0,https://flowiseai.com/ (LangChain ecosystem inbound from network analysis; framework wraps LangChain memory),single-agent,https://docs.flowiseai.com/integrations/langchain/memory,declarative config (visual canvas) + REST,https://docs.flowiseai.com/api-reference,"no data — searched not found",https://flowiseai.com/,"pre-Workday OSS free + Starter $35/mo + Pro $65/mo; post-Workday acquisition Aug 2025 — pricing in transition",https://newsroom.workday.com/2025-08-14-Workday-Acquires-Flowise,DAG (visual canvas wraps LangChain),https://docs.flowiseai.com/,multiple (Buffer/Buffer Window/Conversation Summary backed by chat_message DB),https://docs.flowiseai.com/integrations/langchain/memory,any (BYO via LangChain LLMs),https://docs.flowiseai.com/integrations/langchain/chat-models,Node/TypeScript,https://github.com/FlowiseAI/Flowise,persistent thread (per chatflow session),https://docs.flowiseai.com/integrations/langchain/memory
Langflow Memory,Framework-embedded memory,0,https://www.langflow.org/ (LangChain ecosystem inbound; Mem0 + Redis bundled outbound),both,https://docs.langflow.org/memory,declarative config (visual) + REST,https://docs.langflow.org/api,"no data — searched not found",https://docs.langflow.org/,"OSS (MIT) free; DataStax Langflow cloud deprecated Mar 2026; self-host infra cost only",https://www.miniloop.ai/blog/langflow-pricing-2026,DAG (visual flow),https://docs.langflow.org/,multiple (built-in chat memory + Mem0 + Redis bundled),https://docs.langflow.org/memory,any (BYO via LangChain),https://docs.langflow.org/components/llms,Python,https://github.com/langflow-ai/langflow,sticky session (session-ID-keyed),https://docs.langflow.org/memory
Botpress LLMz,Framework-embedded memory,0,https://botpress.com/ (no catalog inbound),single-agent,https://botpress.com/docs/llmz,declarative config + REST,https://botpress.com/reference,"no data — searched not found",https://botpress.com/,"per-message + tier flat-rate: Free 500 msgs/mo; Plus $89/mo (1GB Vector); Team $495/mo (2GB); Enterprise custom; AI Spend separate",https://botpress.com/pricing,state-machine (LLMz autonomous engine),https://botpress.com/docs/llmz,multiple (working memory + Knowledge Base vector),https://botpress.com/docs/knowledge-bases,multi-vendor,https://botpress.com/docs/llms,declarative cross-language,https://botpress.com/,persistent thread (cross-session user memory),https://botpress.com/features/knowledge-bases
Relevance AI Memory,Framework-embedded memory,0,https://relevanceai.com/ (no catalog inbound),multi-agent supervisor,https://relevanceai.com/docs/agent/build-your-agent/memory,full CRUD via API + visual builder,https://relevanceai.com/docs/api,"no data — searched not found",https://relevanceai.com/,"per-API-call + tier flat-rate: Free 200 actions/mo; Pro $19/mo; Team $234/mo; Business/Enterprise 2 credits per run",https://relevanceai.com/pricing,multi-agent supervisor (Workforce),https://relevanceai.com/docs/multi-agent,multiple (conversation metadata KV + persistent cross-session),https://relevanceai.com/docs/agent/build-your-agent/memory,multi-vendor,https://relevanceai.com/docs,declarative cross-language,https://relevanceai.com/,persistent thread,https://relevanceai.com/docs/agent/build-your-agent/memory
Lindy AI Memory,Framework-embedded memory,0,https://www.lindy.ai/ (no catalog inbound),single-agent,https://docs.lindy.ai/fundamentals/lindy-101/memory,declarative config (no-code editor),https://docs.lindy.ai/,"no data — searched not found",https://www.lindy.ai/,"tier flat-rate: Free; Plus $49.99/mo; Pro $99.99/mo; Max $199.99/mo; Enterprise SSO/SCIM/audit custom",https://www.lindy.ai/pricing,state-machine (skill-based),https://docs.lindy.ai/,key-value (high-signal facts injected per call),https://docs.lindy.ai/fundamentals/lindy-101/memory,multi-vendor,https://docs.lindy.ai/,declarative cross-language,https://www.lindy.ai/,persistent thread (memory persists all future executions),https://docs.lindy.ai/fundamentals/lindy-101/memory
Vapi (voice agents),Framework-embedded memory,0,https://vapi.ai/ (no catalog inbound),multi-agent supervisor,https://docs.vapi.ai/squads,declarative config + REST,https://docs.vapi.ai/api-reference,"no data — searched not found",https://vapi.ai/,"per-API-call: pay-per-use per call minute",https://vapi.ai/pricing,multi-agent supervisor (Squad mode),https://docs.vapi.ai/squads,key-value (call state variables),https://docs.vapi.ai/,multi-vendor,https://docs.vapi.ai/,declarative cross-language,https://vapi.ai/,sticky session (call-scoped only),https://docs.vapi.ai/
Retell AI,Framework-embedded memory,0,https://www.retellai.com/ (no catalog inbound),multi-agent supervisor,https://docs.retellai.com/agent/multi-agent,declarative config + REST,https://docs.retellai.com/api-references,"no data — searched not found",https://www.retellai.com/,"per-API-call: pay-per-use per minute; free tier",https://www.retellai.com/pricing,multi-agent supervisor,https://docs.retellai.com/agent/multi-agent,multiple (in-call short-term + webhook-CRM long-term),https://docs.retellai.com/agent/agent-memory,multi-vendor,https://docs.retellai.com/,declarative cross-language,https://www.retellai.com/,sticky session (call-scoped) + persistent via webhook,https://docs.retellai.com/agent/agent-memory
Stack AI,Framework-embedded memory,0,https://www.stackai.com/ (no catalog inbound),single-agent,https://docs.stack-ai.com/,declarative config (no-code) + REST,https://docs.stack-ai.com/api-reference,"no data — searched not found",https://www.stackai.com/,"tier flat-rate: Free + Enterprise custom",https://www.stackai.com/pricing,DAG (visual workflow) + ReAct,https://docs.stack-ai.com/,file (enterprise data sources as memory layer; no separate session/cross-session store),https://docs.stack-ai.com/,multi-vendor,https://docs.stack-ai.com/,declarative cross-language,https://www.stackai.com/,stateless (runtime querying enterprise sources),https://docs.stack-ai.com/
