section,subgroup,tier,row_name,unresearched_columns
Enterprise-search adjacencies,,row-t1,Lucidworks Conversational Q&A AI Agent,orchestration|validated-verticals|time-to-running|anti-fit|optimised-for|adjacent-infrastructure|pros|cons|links
"Recent method papers — theorized, no distinct product",— Experiential & procedural memory (agent learning from experience),row-t4,MemEvolve,tax-storage|tax-retrieval|tax-persistence|tax-update|tax-unit|tax-governance|claims|mindshare
"Recent method papers — theorized, no distinct product",— Continual learning & catastrophic forgetting,row-t3,CL of LLMs Survey,tax-storage|tax-retrieval|tax-persistence|tax-update|tax-unit|tax-governance|claims|mindshare
"Recent method papers — theorized, no distinct product",— Experiential & procedural memory (agent learning from experience),row-t4,Memp,tax-storage|tax-retrieval|tax-persistence|tax-update|tax-governance|claims|mindshare
"Recent method papers — theorized, no distinct product",— Cognitive-architecture-inspired memory,row-t4,Episodic Memory Is the Missing Piece,tax-storage|tax-retrieval|tax-persistence|tax-update|tax-unit|tax-governance|mindshare
Claude Code memory mechanisms,,row-t1,Anthropic Auto Dream,orchestration|validated-verticals|time-to-running|anti-fit|optimised-for|adjacent-infrastructure
Claude Code memory mechanisms,,row-t1,codebase-memory-mcp (DeusData),orchestration|validated-verticals|time-to-running|anti-fit|optimised-for|adjacent-infrastructure
Coding-agent memory,,row-t1,Mistral Vibe (Remote Agents) + Mistral Medium 3.5,orchestration|validated-verticals|time-to-running|anti-fit|optimised-for|adjacent-infrastructure
Dedicated memory layers,,row-t2,NVIDIA Inference Context Memory Storage Platform,orchestration|validated-verticals|time-to-running|anti-fit|optimised-for|adjacent-infrastructure
Memory benchmarks & evaluation,,row-t2,ICLR 2026 MemAgents Workshop,tax-storage|tax-retrieval|tax-persistence|tax-update|tax-unit|tax-governance
Memory benchmarks & evaluation,,row-t3,MemoryBench (Tsinghua THUIR),tax-storage|tax-retrieval|tax-persistence|tax-unit|tax-governance|mindshare
Platform-provider memory,,row-t1,Gemini Enterprise Agent Platform Memory Bank (rebrand of Vertex AI Memory Bank),orchestration|validated-verticals|time-to-running|anti-fit|optimised-for|adjacent-infrastructure
"Recent method papers — theorized, no distinct product",— Factual & long-term memory (token-level),row-t3,MemoryBench (Tsinghua THUIR),tax-storage|tax-retrieval|tax-persistence|tax-unit|tax-governance|mindshare
"Recent method papers — theorized, no distinct product",— Experiential & procedural memory (agent learning from experience),row-t4,RL Developer Memory,orchestration|validated-verticals|time-to-running|anti-fit|optimised-for|adjacent-infrastructure
Theoretical / informal — ideas without a paper,,row-t4,From Human Memory to AI Memory (survey),tax-storage|tax-retrieval|tax-persistence|tax-update|tax-unit|tax-governance
Theoretical / informal — ideas without a paper,,row-t4,Externalization in LLM Agents,tax-storage|tax-retrieval|tax-persistence|tax-update|tax-unit|tax-governance
Theoretical / informal — ideas without a paper,,row-t5,Memory as Metabolism,tax-storage|tax-retrieval|tax-persistence|tax-update|tax-unit|tax-governance
Theoretical / informal — ideas without a paper,,row-t5,Context Engineering,tax-storage|tax-retrieval|tax-persistence|tax-update|tax-unit|tax-governance
Theoretical / informal — ideas without a paper,,row-t5,Four-Type Agent Memory Taxonomy,tax-storage|tax-retrieval|tax-persistence|tax-update|tax-unit|tax-governance
Theoretical / informal — ideas without a paper,,row-t5,Context Expansion Law,tax-storage|tax-retrieval|tax-persistence|tax-update|tax-unit|tax-governance
Theoretical / informal — ideas without a paper,,row-t5,Memory Poisoning as Attack Surface,tax-storage|tax-retrieval|tax-persistence|tax-update|tax-unit|tax-governance
Theoretical / informal — ideas without a paper,,row-t5,Context Engineering — naming event,tax-storage|tax-retrieval|tax-persistence|tax-update|tax-unit|tax-governance
Theoretical / informal — ideas without a paper,,row-t5,JEPA Six-Module World Model (informal),tax-storage|tax-retrieval|tax-persistence|tax-update|tax-unit|tax-governance
Voice-first / wearable AI memory,,row-t2,Memories.ai LVMM 2.0 / Project LUCI,orchestration|validated-verticals|time-to-running|anti-fit|optimised-for|adjacent-infrastructure
Dedicated memory layers,,row-t2,OMEGA,tax-storage|tax-retrieval|tax-update|tax-unit|tax-governance
Dedicated memory layers,,row-t2,ByteRover,tax-storage|tax-retrieval|tax-update|tax-unit|tax-governance
Dedicated memory layers,,row-t1,Interloom,tax-storage|tax-retrieval|tax-update|tax-unit|tax-governance
Memory benchmarks & evaluation,,row-t3,ImplicitMemBench,tax-storage|tax-retrieval|tax-persistence|tax-unit|tax-governance
Memory benchmarks & evaluation,,row-t4,MemEvoBench,tax-storage|tax-retrieval|tax-persistence|tax-unit|tax-governance
Memory benchmarks & evaluation,,row-t3,LongMemEval,tax-storage|tax-retrieval|tax-persistence|tax-unit|tax-governance
Memory benchmarks & evaluation,,row-t3,LoCoMo,tax-storage|tax-retrieval|tax-persistence|tax-unit|tax-governance
Memory benchmarks & evaluation,,row-t4,NIAH (Needle in a Haystack),tax-storage|tax-retrieval|tax-persistence|tax-unit|tax-governance
Memory benchmarks & evaluation,,row-t3,BABILong,tax-storage|tax-retrieval|tax-persistence|tax-unit|tax-governance
Memory benchmarks & evaluation,,row-t3,RULER,tax-storage|tax-retrieval|tax-persistence|tax-unit|tax-governance
Memory benchmarks & evaluation,,row-t3,HELMET,tax-storage|tax-retrieval|tax-persistence|tax-unit|tax-governance
Memory benchmarks & evaluation,,row-t3,InfiniteBench (∞Bench),tax-storage|tax-retrieval|tax-persistence|tax-unit|tax-governance
Memory benchmarks & evaluation,,row-t3,LongBench,tax-storage|tax-retrieval|tax-persistence|tax-unit|tax-governance
Memory benchmarks & evaluation,,row-t3,MemBench,tax-storage|tax-retrieval|tax-persistence|tax-unit|tax-governance
Memory benchmarks & evaluation,,row-t3,MemoryAgentBench,tax-storage|tax-retrieval|tax-persistence|tax-unit|tax-governance
Memory benchmarks & evaluation,,row-t4,MemoryArena,tax-storage|tax-retrieval|tax-persistence|tax-unit|tax-governance
Platform-provider memory,,row-t2,Cloudflare Agent Memory,tax-storage|tax-retrieval|tax-update|tax-unit|claims
Platform-provider memory,,row-t2,AWS Bedrock AgentCore Memory,tax-storage|tax-retrieval|tax-update|tax-unit|claims
"Recent method papers — theorized, no distinct product",— Experiential & procedural memory (agent learning from experience),row-t4,FLEX,tax-storage|tax-retrieval|tax-governance|claims|mindshare
"Recent method papers — theorized, no distinct product",— Experiential & procedural memory (agent learning from experience),row-t4,Alita-G,tax-storage|tax-retrieval|tax-governance|claims|mindshare
"Recent method papers — theorized, no distinct product",— Experiential & procedural memory (agent learning from experience),row-t4,Alita,tax-storage|tax-retrieval|tax-governance|claims|mindshare
Browser-agent memory,,row-t1,Fellou,tax-storage|tax-update|tax-unit|tax-governance
Dedicated memory layers,,row-t2,Memoria (MatrixOrigin),tax-storage|tax-update|tax-unit|tax-governance
"Memory governance, privacy & safety",,row-t1,HiddenLayer AISec Platform 2.0,tax-storage|tax-retrieval|tax-persistence|tax-unit
Dedicated memory layers,,row-t1,NeoCognition,tax-storage|tax-retrieval|tax-governance
"Recent method papers — theorized, no distinct product",— Factual & long-term memory (token-level),row-t4,MAGMA,tax-governance|claims|mindshare
"Recent method papers — theorized, no distinct product",— Factual & long-term memory (token-level),row-t4,MemVerse,tax-governance|claims|mindshare
"Recent method papers — theorized, no distinct product",— Factual & long-term memory (token-level),row-t4,MMAG,tax-governance|claims|mindshare
"Recent method papers — theorized, no distinct product",— Factual & long-term memory (token-level),row-t4,D-SMART,tax-governance|claims|mindshare
"Recent method papers — theorized, no distinct product",— Factual & long-term memory (token-level),row-t4,WebWeaver,tax-governance|claims|mindshare
"Recent method papers — theorized, no distinct product",— Factual & long-term memory (token-level),row-t4,CAM,tax-governance|claims|mindshare
"Recent method papers — theorized, no distinct product",— Factual & long-term memory (token-level),row-t4,LightMem,tax-governance|claims|mindshare
"Recent method papers — theorized, no distinct product",— Factual & long-term memory (token-level),row-t4,RGMem,tax-governance|claims|mindshare
"Recent method papers — theorized, no distinct product",— Factual & long-term memory (token-level),row-t4,Mem-α,tax-governance|claims|mindshare
"Recent method papers — theorized, no distinct product",— Factual & long-term memory (token-level),row-t4,SGMem,tax-governance|claims|mindshare
"Recent method papers — theorized, no distinct product",— Factual & long-term memory (token-level),row-t4,Nemori,tax-governance|claims|mindshare
"Recent method papers — theorized, no distinct product",— Factual & long-term memory (token-level),row-t4,ComoRAG,tax-governance|claims|mindshare
"Recent method papers — theorized, no distinct product",— Factual & long-term memory (token-level),row-t4,MIRIX,tax-governance|claims|mindshare
"Recent method papers — theorized, no distinct product",— Factual & long-term memory (token-level),row-t4,G-Memory,tax-governance|claims|mindshare
"Recent method papers — theorized, no distinct product",— Factual & long-term memory (token-level),row-t4,MemGuide,tax-governance|claims|mindshare
"Recent method papers — theorized, no distinct product",— Factual & long-term memory (token-level),row-t3,SeCom,tax-governance|claims|mindshare
"Recent method papers — theorized, no distinct product",— Factual & long-term memory (token-level),row-t4,R³Mem,tax-governance|claims|mindshare
"Recent method papers — theorized, no distinct product",— Factual & long-term memory (token-level),row-t4,AI PERSONA,tax-governance|claims|mindshare
"Recent method papers — theorized, no distinct product",— Factual & long-term memory (token-level),row-t4,OASIS,tax-governance|claims|mindshare
"Recent method papers — theorized, no distinct product",— Factual & long-term memory (token-level),row-t3,Memolet,tax-governance|claims|mindshare
"Recent method papers — theorized, no distinct product",— Factual & long-term memory (token-level),row-t4,Arigraph,tax-governance|claims|mindshare
"Recent method papers — theorized, no distinct product",— Factual & long-term memory (token-level),row-t4,Lyfe Agents,tax-governance|claims|mindshare
"Recent method papers — theorized, no distinct product",— Factual & long-term memory (token-level),row-t4,MemoChat,tax-governance|claims|mindshare
"Recent method papers — theorized, no distinct product",— Factual & long-term memory (token-level),row-t4,S³,tax-governance|claims|mindshare
"Recent method papers — theorized, no distinct product",— Factual & long-term memory (token-level),row-t4,RecurrentGPT,tax-governance|claims|mindshare
"Recent method papers — theorized, no distinct product",— Factual & long-term memory (token-level),row-t3,MemoryBank,tax-governance|claims|mindshare
"Recent method papers — theorized, no distinct product",— Factual & long-term memory (token-level),row-t4,RET-LLM,tax-governance|claims|mindshare
"Recent method papers — theorized, no distinct product",— Factual & long-term memory (token-level),row-t4,SCM,tax-governance|claims|mindshare
"Recent method papers — theorized, no distinct product",— Factual & long-term memory (token-level),row-t4,Memoria (cognitive),tax-governance|claims|mindshare
"Recent method papers — theorized, no distinct product",— Experiential & procedural memory (agent learning from experience),row-t4,MemRL,tax-governance|claims|mindshare
"Recent method papers — theorized, no distinct product",— Experiential & procedural memory (agent learning from experience),row-t4,UFO2,tax-governance|claims|mindshare
"Recent method papers — theorized, no distinct product",— Experiential & procedural memory (agent learning from experience),row-t4,PRINCIPLES,tax-governance|claims|mindshare
"Recent method papers — theorized, no distinct product",— Experiential & procedural memory (agent learning from experience),row-t4,ToolMem,tax-governance|claims|mindshare
"Recent method papers — theorized, no distinct product",— Experiential & procedural memory (agent learning from experience),row-t4,H²R,tax-governance|claims|mindshare
"Recent method papers — theorized, no distinct product",— Experiential & procedural memory (agent learning from experience),row-t4,BrowserAgent,tax-governance|claims|mindshare
"Recent method papers — theorized, no distinct product",— Experiential & procedural memory (agent learning from experience),row-t4,LEGOMem,tax-governance|claims|mindshare
"Recent method papers — theorized, no distinct product",— Experiential & procedural memory (agent learning from experience),row-t4,ReasoningBank,tax-governance|claims|mindshare
"Recent method papers — theorized, no distinct product",— Experiential & procedural memory (agent learning from experience),row-t4,Memento,tax-governance|claims|mindshare
"Recent method papers — theorized, no distinct product",— Experiential & procedural memory (agent learning from experience),row-t4,SEAgent,tax-governance|claims|mindshare
"Recent method papers — theorized, no distinct product",— Experiential & procedural memory (agent learning from experience),row-t4,Agent KB,tax-governance|claims|mindshare
"Recent method papers — theorized, no distinct product",— Experiential & procedural memory (agent learning from experience),row-t4,MemTool,tax-governance|claims|mindshare
"Recent method papers — theorized, no distinct product",— Experiential & procedural memory (agent learning from experience),row-t4,Darwin Gödel Machine,tax-governance|claims|mindshare
"Recent method papers — theorized, no distinct product",— Experiential & procedural memory (agent learning from experience),row-t4,SkillWeaver,tax-governance|claims|mindshare
"Recent method papers — theorized, no distinct product",— Experiential & procedural memory (agent learning from experience),row-t4,LearnAct,tax-governance|claims|mindshare
"Recent method papers — theorized, no distinct product",— Experiential & procedural memory (agent learning from experience),row-t4,Dynamic Cheatsheet,tax-governance|claims|mindshare
"Recent method papers — theorized, no distinct product",— Experiential & procedural memory (agent learning from experience),row-t4,Inducing Programmatic Skills,tax-governance|claims|mindshare
"Recent method papers — theorized, no distinct product",— Experiential & procedural memory (agent learning from experience),row-t4,COLA,tax-governance|claims|mindshare
"Recent method papers — theorized, no distinct product",— Experiential & procedural memory (agent learning from experience),row-t4,Planning from Imagination,tax-governance|claims|mindshare
"Recent method papers — theorized, no distinct product",— Experiential & procedural memory (agent learning from experience),row-t4,RepairAgent,tax-governance|claims|mindshare
"Recent method papers — theorized, no distinct product",— Experiential & procedural memory (agent learning from experience),row-t3,Agent Workflow Memory,tax-governance|claims|mindshare
"Recent method papers — theorized, no distinct product",— Experiential & procedural memory (agent learning from experience),row-t4,Fincon,tax-governance|claims|mindshare
"Recent method papers — theorized, no distinct product",— Experiential & procedural memory (agent learning from experience),row-t3,ToolLLM,tax-governance|claims|mindshare
"Recent method papers — theorized, no distinct product",— Experiential & procedural memory (agent learning from experience),row-t4,AgentEvolver,tax-governance|claims|mindshare
"Recent method papers — theorized, no distinct product",— Experiential & procedural memory (agent learning from experience),row-t4,ToolGen,tax-governance|claims|mindshare
"Recent method papers — theorized, no distinct product",— Experiential & procedural memory (agent learning from experience),row-t4,Retroformer,tax-governance|claims|mindshare
"Recent method papers — theorized, no distinct product",— Experiential & procedural memory (agent learning from experience),row-t3,Agentic Plan Caching (APC),tax-governance|claims|mindshare
"Recent method papers — theorized, no distinct product",— Working memory & context management,row-t4,Agentic Memory,tax-governance|claims|mindshare
"Recent method papers — theorized, no distinct product",— Working memory & context management,row-t4,Memory as Action,tax-governance|claims|mindshare
"Recent method papers — theorized, no distinct product",— Working memory & context management,row-t4,IterResearch,tax-governance|claims|mindshare
"Recent method papers — theorized, no distinct product",— Working memory & context management,row-t4,MemSearcher,tax-governance|claims|mindshare
"Recent method papers — theorized, no distinct product",— Working memory & context management,row-t4,AgentFold,tax-governance|claims|mindshare
"Recent method papers — theorized, no distinct product",— Working memory & context management,row-t4,PRIME,tax-governance|claims|mindshare
"Recent method papers — theorized, no distinct product",— Working memory & context management,row-t4,DeepAgent,tax-governance|claims|mindshare
"Recent method papers — theorized, no distinct product",— Working memory & context management,row-t4,ACON,tax-governance|claims|mindshare
"Recent method papers — theorized, no distinct product",— Working memory & context management,row-t4,ReSum,tax-governance|claims|mindshare
"Recent method papers — theorized, no distinct product",— Working memory & context management,row-t4,Sculptor,tax-governance|claims|mindshare
"Recent method papers — theorized, no distinct product",— Working memory & context management,row-t4,MemAgent,tax-governance|claims|mindshare
"Recent method papers — theorized, no distinct product",— Working memory & context management,row-t4,Agent S,tax-governance|claims|mindshare
"Recent method papers — theorized, no distinct product",— Working memory & context management,row-t3,Compressive Transformer,tax-governance|claims|mindshare
"Recent method papers — theorized, no distinct product",— Working memory & context management,row-t4,LongMem,tax-governance|claims|mindshare
"Recent method papers — theorized, no distinct product",— Working memory & context management,row-t4,MemLong,tax-governance|claims|mindshare
"Recent method papers — theorized, no distinct product",— Working memory & context management,row-t4,EM-LLM,tax-governance|claims|mindshare
"Recent method papers — theorized, no distinct product",— Parametric & latent memory (memory in weights / KV / hidden states),row-t3,AlphaEdit,tax-governance|claims|mindshare
"Recent method papers — theorized, no distinct product",— Parametric & latent memory (memory in weights / KV / hidden states),row-t3,ELDER,tax-governance|claims|mindshare
"Recent method papers — theorized, no distinct product",— Parametric & latent memory (memory in weights / KV / hidden states),row-t3,WISE,tax-governance|claims|mindshare
"Recent method papers — theorized, no distinct product",— Parametric & latent memory (memory in weights / KV / hidden states),row-t4,SDM Activations,tax-governance|claims|mindshare
"Recent method papers — theorized, no distinct product",— Parametric & latent memory (memory in weights / KV / hidden states),row-t4,M+ (MemoryLLM),tax-governance|claims|mindshare
"Recent method papers — theorized, no distinct product",— Parametric & latent memory (memory in weights / KV / hidden states),row-t4,Memory³,tax-governance|claims|mindshare
"Recent method papers — theorized, no distinct product",— Parametric & latent memory (memory in weights / KV / hidden states),row-t4,MemGen,tax-governance|claims|mindshare
"Recent method papers — theorized, no distinct product",— Parametric & latent memory (memory in weights / KV / hidden states),row-t4,MEM1,tax-governance|claims|mindshare
"Recent method papers — theorized, no distinct product",— Parametric & latent memory (memory in weights / KV / hidden states),row-t3,RazorAttention,tax-governance|claims|mindshare
"Recent method papers — theorized, no distinct product",— Parametric & latent memory (memory in weights / KV / hidden states),row-t3,SnapKV,tax-governance|claims|mindshare
"Recent method papers — theorized, no distinct product",— Parametric & latent memory (memory in weights / KV / hidden states),row-t4,LM2,tax-governance|claims|mindshare
"Recent method papers — theorized, no distinct product",— Parametric & latent memory (memory in weights / KV / hidden states),row-t3,SoftCoT,tax-governance|claims|mindshare
"Recent method papers — theorized, no distinct product",— Parametric & latent memory (memory in weights / KV / hidden states),row-t3,H2O,tax-governance|claims|mindshare
"Recent method papers — theorized, no distinct product",— Parametric & latent memory (memory in weights / KV / hidden states),row-t3,Memformer,tax-governance|claims|mindshare
"Recent method papers — theorized, no distinct product",— Parametric & latent memory (memory in weights / KV / hidden states),row-t4,MemBART,tax-governance|claims|mindshare
"Recent method papers — theorized, no distinct product",— Parametric & latent memory (memory in weights / KV / hidden states),row-t3,AiT (Associative Transformer),tax-governance|claims|mindshare
"Recent method papers — theorized, no distinct product",— Parametric & latent memory (memory in weights / KV / hidden states),row-t4,Memformers (gradient memory),tax-governance|claims|mindshare
"Recent method papers — theorized, no distinct product",— Parametric & latent memory (memory in weights / KV / hidden states),row-t3,WorkMATe,tax-governance|claims|mindshare
"Recent method papers — theorized, no distinct product",— Continual learning & catastrophic forgetting,row-t4,FOREVER,tax-governance|claims|mindshare
"Recent method papers — theorized, no distinct product",— Continual learning & catastrophic forgetting,row-t4,SERS,tax-governance|claims|mindshare
Retrieval-as-memory hybrids,,row-t4,PathRAG,tax-persistence|tax-governance|claims
Retrieval-as-memory hybrids,,row-t3,HyDE,tax-persistence|tax-governance|claims
Dedicated memory layers,,row-t2,Backboard,tax-update|tax-governance
Dedicated memory layers,,row-t2,OpenMemory,claims|mindshare
Dedicated memory layers,,row-t2,MemMachine,claims|mindshare
Dedicated memory layers,,row-t2,O-Mem,claims|mindshare
Enterprise-search adjacencies,,row-t1,Clarivate,claims|mindshare
Knowledge-graph platforms,,row-t1,TopQuadrant (TopBraid EDG),claims|mindshare
Knowledge-graph platforms,,row-t1,Ontotext GraphDB / Graphwise,claims|mindshare
Knowledge-graph platforms,,row-t1,PoolParty (now Graphwise),claims|mindshare
Knowledge-graph platforms,,row-t1,Palantir Ontology,claims|mindshare
Knowledge-graph platforms,,row-t1,Diffbot,claims|mindshare
"Memory governance, privacy & safety",,row-t1,Lakera Guard / Lakera Red,tax-storage|tax-unit
"Memory governance, privacy & safety",,row-t2,Microsoft Agent Governance Toolkit,tax-storage|tax-unit
"Memory governance, privacy & safety",,row-t1,Enkrypt AI,tax-storage|tax-unit
"Memory governance, privacy & safety",,row-t1,Acuvity (now Proofpoint),tax-storage|tax-unit
"Recent method papers — theorized, no distinct product",— Factual & long-term memory (token-level),row-t4,Knowledge Graph Tuning,claims|mindshare
"Recent method papers — theorized, no distinct product",— Factual & long-term memory (token-level),row-t3,Memoro,claims|mindshare
"Recent method papers — theorized, no distinct product",— Factual & long-term memory (token-level),row-t4,ReadAgent,tax-governance|mindshare
"Recent method papers — theorized, no distinct product",— Factual & long-term memory (token-level),row-t4,GAM (General Agentic Memory),tax-governance|mindshare
"Recent method papers — theorized, no distinct product",— Factual & long-term memory (token-level),row-t3,MemInsight,tax-governance|mindshare
"Recent method papers — theorized, no distinct product",— Factual & long-term memory (token-level),row-t4,MemR³,tax-governance|mindshare
"Recent method papers — theorized, no distinct product",— Experiential & procedural memory (agent learning from experience),row-t4,MIA — Memory Intelligence Agent,tax-governance|mindshare
"Recent method papers — theorized, no distinct product",— Experiential & procedural memory (agent learning from experience),row-t3,SAGE,tax-governance|claims
"Recent method papers — theorized, no distinct product",— Experiential & procedural memory (agent learning from experience),row-t3,Buffer of Thoughts,tax-governance|claims
"Recent method papers — theorized, no distinct product",— Experiential & procedural memory (agent learning from experience),row-t3,JARVIS-1,tax-governance|claims
"Recent method papers — theorized, no distinct product",— Experiential & procedural memory (agent learning from experience),row-t3,ExpeL,tax-governance|claims
"Recent method papers — theorized, no distinct product",— Experiential & procedural memory (agent learning from experience),row-t3,CREATOR,tax-governance|claims
"Recent method papers — theorized, no distinct product",— Experiential & procedural memory (agent learning from experience),row-t3,Reflexion,tax-governance|mindshare
"Recent method papers — theorized, no distinct product",— Experiential & procedural memory (agent learning from experience),row-t3,MoT (Memory-of-Thought),tax-governance|mindshare
"Recent method papers — theorized, no distinct product",— Experiential & procedural memory (agent learning from experience),row-t3,RMM (Reflective Memory Management),tax-governance|mindshare
"Recent method papers — theorized, no distinct product",— Experiential & procedural memory (agent learning from experience),row-t3,MPO,tax-governance|claims
"Recent method papers — theorized, no distinct product",— Working memory & context management,row-t4,MemoBrain,tax-governance|mindshare
"Recent method papers — theorized, no distinct product",— Working memory & context management,row-t3,Recurrent Memory Transformer (RMT),tax-governance|mindshare
"Recent method papers — theorized, no distinct product",— Working memory & context management,row-t4,ARMT (Associative RMT),tax-governance|mindshare
"Recent method papers — theorized, no distinct product",— Working memory & context management,row-t4,Infini-attention,tax-governance|mindshare
"Recent method papers — theorized, no distinct product",— Working memory & context management,row-t3,Transformer-XL,tax-governance|claims
"Recent method papers — theorized, no distinct product",— Working memory & context management,row-t4,TransformerFAM,tax-governance|mindshare
"Recent method papers — theorized, no distinct product",— Working memory & context management,row-t4,ATLAS,tax-governance|mindshare
"Recent method papers — theorized, no distinct product",— Parametric & latent memory (memory in weights / KV / hidden states),row-t4,MemLoRA,tax-governance|claims
"Recent method papers — theorized, no distinct product",— Parametric & latent memory (memory in weights / KV / hidden states),row-t4,Memory Decoder,tax-governance|claims
"Recent method papers — theorized, no distinct product",— Parametric & latent memory (memory in weights / KV / hidden states),row-t4,MLP Memory,tax-governance|claims
"Recent method papers — theorized, no distinct product",— Parametric & latent memory (memory in weights / KV / hidden states),row-t3,Memorizing Transformers,tax-governance|mindshare
"Recent method papers — theorized, no distinct product",— Parametric & latent memory (memory in weights / KV / hidden states),row-t3,EMAT,tax-governance|mindshare
"Recent method papers — theorized, no distinct product",— Parametric & latent memory (memory in weights / KV / hidden states),row-t4,MATTER,tax-governance|mindshare
"Recent method papers — theorized, no distinct product",— Parametric & latent memory (memory in weights / KV / hidden states),row-t3,MemReasoner,tax-governance|mindshare
"Recent method papers — theorized, no distinct product",— Parametric & latent memory (memory in weights / KV / hidden states),row-t3,CDMem,tax-governance|mindshare
"Recent method papers — theorized, no distinct product",— Parametric & latent memory (memory in weights / KV / hidden states),row-t4,Transformer²,tax-governance|mindshare
"Recent method papers — theorized, no distinct product",— Parametric & latent memory (memory in weights / KV / hidden states),row-t4,NAMMs,tax-governance|mindshare
"Recent method papers — theorized, no distinct product",— Parametric & latent memory (memory in weights / KV / hidden states),row-t4,Memory Layers at Scale,tax-governance|mindshare
"Recent method papers — theorized, no distinct product",— Parametric & latent memory (memory in weights / KV / hidden states),row-t3,Differentiable Search Index (DSI),tax-governance|mindshare
"Recent method papers — theorized, no distinct product",— World-model & imagination memory,row-t3,I-JEPA,tax-governance|mindshare
"Recent method papers — theorized, no distinct product",— World-model & imagination memory,row-t4,V-JEPA 2,tax-governance|mindshare
"Recent method papers — theorized, no distinct product",— World-model & imagination memory,row-t4,Dreamer 4,tax-governance|mindshare
"Recent method papers — theorized, no distinct product",— World-model & imagination memory,row-t4,R2I,tax-governance|mindshare
"Recent method papers — theorized, no distinct product",— World-model & imagination memory,row-t3,Genie,tax-governance|mindshare
"Recent method papers — theorized, no distinct product",— World-model & imagination memory,row-t4,V-JEPA (original),tax-governance|mindshare
"Recent method papers — theorized, no distinct product",— World-model & imagination memory,row-t3,DIAMOND,tax-governance|mindshare
"Recent method papers — theorized, no distinct product",— World-model & imagination memory,row-t4,PWM (Policy Learning with Large World Models),tax-governance|mindshare
"Recent method papers — theorized, no distinct product",— Continual learning & catastrophic forgetting,row-t3,RIKEN Tensor Decomposition Incremental Learning,tax-governance|mindshare
"Recent method papers — theorized, no distinct product",— Continual learning & catastrophic forgetting,row-t3,EWC (Elastic Weight Consolidation),tax-governance|mindshare
"Recent method papers — theorized, no distinct product",— Memory-augmented reinforcement learning,row-t3,Neural Episodic Control,tax-governance|mindshare
"Recent method papers — theorized, no distinct product",— Memory-augmented reinforcement learning,row-t3,EMU (Efficient Episodic Memory Utilization),tax-governance|mindshare
"Recent method papers — theorized, no distinct product",— Memory-augmented reinforcement learning,row-t3,HAMI,tax-governance|mindshare
"Recent method papers — theorized, no distinct product",— Cognitive-architecture-inspired memory,row-t3,LLM-ACTR / Cognitive LLMs,tax-governance|mindshare
"Recent method papers — theorized, no distinct product",— Cognitive-architecture-inspired memory,row-t3,Human-Like Remembering and Forgetting,tax-governance|mindshare
"Recent method papers — theorized, no distinct product",— Cognitive-architecture-inspired memory,row-t4,SYNAPSE,tax-governance|mindshare
"Recent method papers — theorized, no distinct product",— Cognitive-architecture-inspired memory,row-t4,HeLa-Mem,tax-governance|mindshare
"Recent method papers — theorized, no distinct product",— Cognitive-architecture-inspired memory,row-t3,AriGraph,tax-governance|mindshare
"Recent method papers — theorized, no distinct product",— Cognitive-architecture-inspired memory,row-t3,Dual-Process Agent (DPA),tax-governance|mindshare
Research / specialised systems,,row-t3,A-MEM,tax-governance|claims
Retrieval-as-memory hybrids,,row-t3,RAPTOR,tax-persistence|tax-governance
Retrieval-as-memory hybrids,,row-t3,LazyGraphRAG,tax-persistence|tax-governance
Retrieval-as-memory hybrids,,row-t3,HippoRAG / HippoRAG2,tax-persistence|tax-governance
Retrieval-as-memory hybrids,,row-t3,LightRAG,tax-persistence|tax-governance
Retrieval-as-memory hybrids,,row-t3,Adaptive-RAG,tax-persistence|tax-governance
Retrieval-as-memory hybrids,,row-t4,RouteRAG,tax-persistence|tax-governance
Retrieval-as-memory hybrids,,row-t4,GraphRAFT,tax-governance|claims
Retrieval-as-memory hybrids,,row-t4,Beyond RAG for Agent Memory,tax-persistence|tax-governance
Retrieval-as-memory hybrids,,row-t3,Generative Semantic Workspace (GSW),tax-persistence|tax-governance
Retrieval-as-memory hybrids,,row-t3,TC-RAG,tax-persistence|tax-governance
Retrieval-as-memory hybrids,,row-t3,KAG,tax-persistence|tax-governance
Retrieval-as-memory hybrids,,row-t4,Speculative RAG,tax-persistence|tax-governance
Retrieval-as-memory hybrids,,row-t4,CRAG,tax-persistence|tax-governance
Retrieval-as-memory hybrids,,row-t4,Self-RAG,tax-persistence|tax-governance
Retrieval-as-memory hybrids,,row-t3,FLARE,tax-persistence|tax-governance
Retrieval-as-memory hybrids,,row-t3,ITER-RETGEN,tax-persistence|tax-governance
Retrieval-as-memory hybrids,,row-t4,StructRAG,tax-persistence|tax-governance
Retrieval-as-memory hybrids,,row-t3,HiRAG,tax-persistence|tax-governance
Retrieval-as-memory hybrids,,row-t4,LongRAG,tax-persistence|tax-governance
Retrieval-as-memory hybrids,,row-t4,Multi-Head RAG (MHRAG),tax-persistence|tax-governance
Retrieval-as-memory hybrids,,row-t4,BGE-M3,tax-persistence|tax-governance
Retrieval-as-memory hybrids,,row-t4,ChunkRAG,tax-persistence|tax-governance
Retrieval-as-memory hybrids,,row-t4,AutoRAG,tax-persistence|tax-governance
Retrieval-as-memory hybrids,,row-t4,WeKnow-RAG,tax-persistence|tax-governance
Retrieval-as-memory hybrids,,row-t3,REALM,tax-governance|claims
Retrieval-as-memory hybrids,,row-t3,Atlas,tax-governance|mindshare
Theoretical / informal — ideas without a paper,,row-t5,LLM as OS Kernel,tax-update|tax-governance
Theoretical / informal — ideas without a paper,,row-t5,LLM OS Specs,tax-update|tax-governance
Vector-database infrastructure,,row-t1,Elasticsearch / OpenSearch,claims|mindshare
Vertical / domain-specific AI memory,— Scientific / research AI memory,row-t1,LabGenius,tax-storage|mindshare
Vertical / domain-specific AI memory,— Education AI memory,row-t1,MagicSchool,tax-storage|tax-unit
Claude Code memory mechanisms,,row-t1,Claude Code auto-memory,claims
Claude Code memory mechanisms,,row-t2,Superpowers episodic-memory plugin,claims
Claude Code memory mechanisms,,row-t2,mcp-memory (Puliczek),mindshare
Claude Code memory mechanisms,,row-t1,Official MCP Memory server,claims
Dedicated memory layers,,row-t2,Memori,claims
Dedicated memory layers,,row-t2,Memary,claims
Dedicated memory layers,,row-t2,Anda Hippocampus,claims
Dedicated memory layers,,row-t2,M3-Agent (ByteDance),mindshare
Enterprise-search adjacencies,,row-t1,Glean,claims
Enterprise-search adjacencies,,row-t1,SearchUnify,claims
File-backed / editor paradigms,,row-t1,CLAUDE.md,claims
File-backed / editor paradigms,,row-t1,Cursor Rules,claims
File-backed / editor paradigms,,row-t1,Windsurf Rules & Memories,claims
Framework-embedded memory,,row-t2,LangMem (LangChain),claims
Framework-embedded memory,,row-t2,CrewAI Memory,claims
Framework-embedded memory,,row-t2,LlamaIndex Memory,claims
Framework-embedded memory,,row-t2,AutoGen Memory,claims
Framework-embedded memory,,row-t2,Semantic Kernel Memory,claims
Framework-embedded memory,,row-t2,Pydantic-AI + Hindsight,claims
Framework-embedded memory,,row-t2,LangGraph Persistence,claims
Framework-embedded memory,,row-t2,smolagents Memory,claims
Framework-embedded memory,,row-t2,Agno (Phidata) Memory,claims
Framework-embedded memory,,row-t2,Strands Agents Memory (AWS),claims
Framework-embedded memory,,row-t2,OpenAI Agents SDK Memory,claims
Framework-embedded memory,,row-t2,Google ADK Memory,claims
Framework-embedded memory,,row-t3,Haystack Memory (deepset),mindshare
Knowledge-graph platforms,,row-t1,Stardog,claims
Knowledge-graph platforms,,row-t1,Neo4j,claims
Knowledge-graph platforms,,row-t1,TigerGraph,claims
Knowledge-graph platforms,,row-t1,AllegroGraph (Franz),claims
Personal AI / PKM / lifelogging memory,,row-t1,Notion AI,claims
Personal AI / PKM / lifelogging memory,,row-t2,Obsidian Smart Connections,claims
Personal AI / PKM / lifelogging memory,,row-t2,Tana,claims
Personal AI / PKM / lifelogging memory,,row-t2,Logseq,claims
Personal AI / PKM / lifelogging memory,,row-t2,Heyday,claims
Personal AI / PKM / lifelogging memory,,row-t2,Mem.ai,claims
Personal AI / PKM / lifelogging memory,,row-t2,Reflect,claims
Personal AI / PKM / lifelogging memory,,row-t1,Microsoft Recall,claims
Personal AI / PKM / lifelogging memory,,row-t2,Personal.ai,claims
Platform-provider memory,,row-t1,Anthropic Claude Memory,claims
Platform-provider memory,,row-t1,OpenAI ChatGPT Memory,claims
Platform-provider memory,,row-t1,Google Gemini Memory,claims
Platform-provider memory,,row-t1,Microsoft Copilot Memory,claims
Platform-provider memory,,row-t1,LinkedIn Cognitive Memory Agent,claims
Platform-provider memory,,row-t2,Vertex AI Memory Bank,claims
"Recent method papers — theorized, no distinct product",— Factual & long-term memory (token-level),row-t2,MetaGPT,claims
"Recent method papers — theorized, no distinct product",— Factual & long-term memory (token-level),row-t3,Generative Agents,tax-governance
"Recent method papers — theorized, no distinct product",— Factual & long-term memory (token-level),row-t4,TierMem,mindshare
"Recent method papers — theorized, no distinct product",— Experiential & procedural memory (agent learning from experience),row-t4,MemMachine (paper),tax-governance
"Recent method papers — theorized, no distinct product",— Experiential & procedural memory (agent learning from experience),row-t3,Toolformer,tax-governance
"Recent method papers — theorized, no distinct product",— Parametric & latent memory (memory in weights / KV / hidden states),row-t4,Larimar,tax-governance
"Recent method papers — theorized, no distinct product",— World-model & imagination memory,row-t3,DreamerV3,tax-governance
"Recent method papers — theorized, no distinct product",— Cognitive-architecture-inspired memory,row-t4,NL2GenSym,mindshare
Research / specialised systems,,row-t3,MemOS (MemTensor),tax-governance
Research / specialised systems,,row-t3,BAI-LAB MemoryOS,tax-governance
Research / specialised systems,,row-t4,Titans (Google),tax-governance
Research / specialised systems,,row-t3,MemoRAG,tax-governance
Research / specialised systems,,row-t3,EVOLVE-MEM,tax-governance
Research / specialised systems,,row-t4,EverMemOS,tax-governance
Research / specialised systems,,row-t4,TiMem,tax-governance
Research / specialised systems,,row-t4,LiCoMemory,tax-governance
Retrieval-as-memory hybrids,,row-t3,RAFT,tax-governance
Retrieval-as-memory hybrids,,row-t3,CAG (Cache-Augmented Generation),tax-governance
Retrieval-as-memory hybrids,,row-t3,RETRO,tax-governance
Theoretical / informal — ideas without a paper,,row-t5,RL-Based Continual Learning as Memory,tax-governance
Vector-database infrastructure,,row-t1,Pinecone,claims
Vector-database infrastructure,,row-t1,Weaviate,claims
Vector-database infrastructure,,row-t1,Qdrant,claims
Vector-database infrastructure,,row-t1,Chroma,claims
Vector-database infrastructure,,row-t1,Milvus,claims
Vector-database infrastructure,,row-t1,LanceDB,claims
Vector-database infrastructure,,row-t1,Turbopuffer,claims
Vertical / domain-specific AI memory,— Scientific / research AI memory,row-t1,FutureHouse,mindshare
Vertical / domain-specific AI memory,— Scientific / research AI memory,row-t1,Causaly,mindshare
Vertical / domain-specific AI memory,— Scientific / research AI memory,row-t1,BenevolentAI,mindshare
Vertical / domain-specific AI memory,— Scientific / research AI memory,row-t2,Elicit,mindshare
Vertical / domain-specific AI memory,— Scientific / research AI memory,row-t2,Scite.ai,mindshare
Vertical / domain-specific AI memory,— Scientific / research AI memory,row-t2,Iris.ai,mindshare
Vertical / domain-specific AI memory,— Scientific / research AI memory,row-t2,ResearchRabbit,mindshare
Vertical / domain-specific AI memory,— Robotics / autonomous-driving / embodied memory,row-t3,NVIDIA Isaac GR00T N1.7,tax-governance
Vertical / domain-specific AI memory,— Robotics / autonomous-driving / embodied memory,row-t3,NVIDIA ReMEmbR,tax-governance
Vertical / domain-specific AI memory,— Robotics / autonomous-driving / embodied memory,row-t3,MemoryVLA,tax-governance
Vertical / domain-specific AI memory,— Robotics / autonomous-driving / embodied memory,row-t3,SG-Nav,tax-governance
Vertical / domain-specific AI memory,— Robotics / autonomous-driving / embodied memory,row-t4,Meta-Memory,tax-governance
Vertical / domain-specific AI memory,— Robotics / autonomous-driving / embodied memory,row-t3,GWM (Gaussian World Models),tax-governance
